id,name,gp,min,pts,fgm,fga,fg,3p_made,3pa,3p,ftm,fta,ft,oreb,dreb,reb,ast,stl,blk,tov,target_5yrs
1,Brandon Ingram,36,27.4,7.4,2.6,7.6,34.7,0.5,2.1,25,1.6,2.3,69.9,0.7,3.4,4.1,1.9,0.4,0.4,1.3,0
2,Andrew Harrison,35,26.9,7.2,2,6.7,29.6,0.7,2.8,23.5,2.6,3.4,76.5,0.5,2,2.4,3.7,1.1,0.5,1.6,0
3,JaKarr Sampson,74,15.3,5.2,2,4.7,42.2,0.4,1.7,24.4,0.9,1.3,67,0.5,1.7,2.2,1,0.5,0.3,1,0
4,Malik Sealy,58,11.6,5.7,2.3,5.5,42.6,0.1,0.5,22.6,0.9,1.3,68.9,1,0.9,1.9,0.8,0.6,0.1,1,1
5,Matt Geiger,48,11.5,4.5,1.6,3,52.4,0,0.1,0,1.3,1.9,67.4,1,1.5,2.5,0.3,0.3,0.4,0.8,1
6,Tony Bennett,75,11.4,3.7,1.5,3.5,42.3,0.3,1.1,32.5,0.4,0.5,73.2,0.2,0.7,0.8,1.8,0.4,0,0.7,0
7,Don MacLean,62,10.9,,2.5,5.8,43.5,0,0.1,50,1.5,1.8,81.1,0.5,1.4,2,0.6,0.2,0.1,0.7,1
8,Tracy Murray,48,10.3,,2.3,5.4,41.5,0.4,1.5,30,0.7,0.8,87.5,0.8,0.9,1.7,0.2,0.2,0.1,0.7,1
9,Duane Cooper,65,9.9,2.4,1,2.4,39.2,0.1,0.5,23.3,0.4,0.5,71.4,0.2,0.6,0.8,2.3,0.3,0,1.1,0
10,Dave Johnson,42,8.5,3.7,1.4,3.5,38.3,0.1,0.3,21.4,1,1.4,67.8,0.4,0.7,1.1,0.3,0.2,0,0.7,0
11,Corey Williams,35,6.9,2.3,0.9,2.4,36.5,0,0.1,33.3,0.5,0.6,81.8,0.5,0.3,0.9,0.7,0.1,0.1,0.3,0
12,Sam Mack,40,6.7,3.6,1.2,3,39.8,0.1,0.6,13.6,1.1,1.5,77.6,0.5,0.8,1.2,0.4,0.3,0.1,0.6,1
13,Lorenzo Williams,27,6.6,1.3,0.6,1.3,47.2,0,0,0,0.1,0.3,28.6,0.6,1.4,2,0.2,0.2,0.6,0.3,1
14,P.J. Hairston,45,15.3,5.6,1.9,6,32.3,1.1,3.6,30.1,0.7,0.8,86.1,0.5,1.6,2,0.5,0.5,0.3,0.5,0
15,Elmore Spencer,44,,2.4,1,1.9,53.7,0,0,0,0.4,0.7,50,0.4,1,1.4,0.2,0.2,0.4,0.6,1
16,John Crotty,40,6.1,2.6,0.9,1.8,51.4,0.1,0.4,14.3,0.7,1,68.4,0.1,0.3,0.4,1.4,0.3,0,0.8,1
17,Stephen Howard,49,5.3,2.1,0.7,1.9,37.6,0,0,0,0.7,1.1,64.2,0.5,0.7,1.2,0.2,0.3,0.2,0.5,0
18,Randy Woods,41,4.2,1.7,0.6,1.6,34.8,0.1,0.3,21.4,0.5,0.6,73.1,0.1,0.2,0.3,1,0.3,0,0.4,0
19,Larry Johnson,82,37.2,19.2,7.5,15.3,49,0.1,0.3,22.7,4.1,5,82.9,3.9,7,11,3.6,1,0.6,1.9,0
20,Billy Owens,80,31.4,14.3,5.9,11.1,52.5,0,0.1,11.1,2.6,3.9,65.4,3,5,8,2.4,1.1,0.8,2.2,1
21,Stacey Augmon,82,30.5,13.3,5.4,11,48.9,0,0.1,16.7,2.6,3.9,66.6,2.3,2.8,5.1,2.5,1.5,0.3,2.2,1
22,Mark Macon,76,30.3,10.6,4.4,11.7,37.5,0.1,0.4,13.3,1.8,2.4,73,1.1,1.8,2.9,2.2,2,0.2,2,1
23,Steven Smith,61,29.6,12,4.9,10.7,45.4,0.7,2,32,1.6,2.1,74.8,1.3,1.8,3.1,4.6,1,0.3,2.5,0
24,Mitch McGary,32,15.2,6.3,2.8,5.2,53.3,0,0.1,0,0.8,1.3,62.5,1.7,3.5,5.2,0.4,0.5,0.5,1,0
25,Larry Stewart,76,29.3,10.4,4,7.8,51.4,0,0,0,2.5,3.1,80.7,2.4,3.5,5.9,1.6,0.7,0.6,1.5,1
26,Mike Iuzzolino,52,24.6,9.3,3.1,6.8,45.1,1.1,2.6,43.4,2.1,2.5,83.6,0.5,1.4,1.9,3.7,0.6,0,1.8,0
27,Doug Smith,76,22.5,8.8,3.8,9.2,41.5,0,0.1,0,1.2,1.6,73.6,1.7,3.4,5.1,1.7,0.8,0.5,1.3,1
28,Paul Graham,78,22,10.1,3.9,8.7,44.7,0.7,1.8,39,1.6,2.2,74.1,0.9,2,3,2.2,1.2,0.3,1.2,0
29,Donald Hodge,51,20.7,8.4,3.2,6.4,49.7,0,0,0,2,2.9,66.7,2.3,3.1,5.4,0.8,0.5,0.5,1.5,1
30,Dale Davis,64,20.3,6.2,2.4,4.4,55.2,0,0,0,1.4,2.4,57.2,2.5,3.9,6.4,0.5,0.4,1.2,0.8,1
31,Stanley Roberts,55,20.3,10.4,4.3,8.1,52.9,0,0,0,1.8,3.6,51.5,2.1,4.1,6.1,0.7,0.4,1.5,1.4,1
32,Terrell Brandon,82,19.6,7.4,3.1,7.3,41.9,0,0.3,4.3,1.2,1.5,80.6,0.6,1.4,2,3.9,1,0.3,1.7,1
33,Bison Dele,48,18.9,9.1,3.6,6.8,52.8,0,0,0,2,3,66.9,2.4,3.3,5.7,0.7,0.8,1.1,1.8,1
34,Spencer Dinwiddie,34,13.4,4.3,1.5,5,30.2,0.4,1.9,18.5,0.9,1,91.2,0.1,1.3,1.4,3.1,0.6,0.2,1,0
35,Tracy Moore,42,18.6,8.5,3.1,7.7,40,0.7,2,35.7,1.5,1.9,83.3,0.7,1.2,2,1.1,0.8,0.1,1.1,1
36,Greg Anthony,82,18.4,5.5,2,5.3,37,0.1,0.7,14.5,1.4,1.9,74.1,0.4,1.3,1.7,3.8,0.7,0.1,1.2,1
37,Kenny Anderson,64,17,7,2.9,7.5,39,0,0.2,23.1,1.1,1.5,74.5,0.6,1.4,2,3.2,1.1,0.1,1.5,1
38,Victor Alexander,80,16.9,7.4,3,5.7,52.9,0,0,0,1.3,1.9,69.1,1.3,2.9,4.2,0.4,0.6,0.8,1.1,1
39,David Benoit,77,15.1,5.6,2.3,4.9,46.7,0,0.2,21.4,1.1,1.3,81,1.4,2.5,3.8,0.4,0.3,0.6,0.9,1
40,Kevin Lynch,55,14.9,4.1,1.7,4.1,41.7,0.1,0.1,37.5,0.6,0.8,76.1,0.5,1,1.5,1.5,0.7,0.2,0.8,0
41,LaBradford Smith,48,14.8,5.1,2.1,5.1,40.7,0,0.4,9.5,0.9,1.2,80.4,0.6,1.1,1.7,2.1,0.9,0,1.3,0
42,Chris Corchiani,51,14.5,5,1.5,3.8,39.9,0.2,0.7,27,1.8,2,87.5,0.4,1.2,1.5,2.8,0.9,0,1.4,0
43,Travis Wear,51,132,3.9,1.6,4.1,40.2,0.2,0.6,36.7,0.4,0.5,76.9,0.6,1.5,2.1,0.8,0.3,0.2,0.7,0
44,Robert Pack,72,12.4,4.6,1.6,3.8,42.3,0,0.1,0,1.4,1.8,80.3,0.4,0.9,1.3,1.9,0.6,0.1,1.3,1
45,Pete Chilcutt,69,11.8,3.6,1.6,3.6,45.2,0,0,100,0.3,0.4,82.1,1.1,1.6,2.7,0.6,0.5,0.3,0.6,1
46,Chris Gatling,54,11.3,5.7,2.2,3.8,56.8,0,0.1,0,1.3,2,66.1,1.4,2,3.4,0.3,0.6,0.7,0.8,1
47,Tharon Mayes,24,10.6,4.1,1.3,4.1,30.3,0.6,1.7,36.6,1,1.5,66.7,0.1,0.5,0.7,1.5,0.7,0.1,1.3,0
48,Eric Murdock,50,9.6,4.1,1.5,3.7,41.5,0.1,0.5,19.2,0.9,1.2,75.4,0.4,0.7,1.1,1.8,0.6,0.1,1,1
49,Randy Brown,56,9.6,3.4,1.4,3,45.6,0,0.1,0,0.7,1,65.5,0.5,0.8,1.2,1.1,0.6,0.2,0.8,1
50,Greg Sutton,67,9,3.7,1.4,3.6,38.8,0.4,1.3,29.2,0.5,0.7,75.6,0.1,0.6,0.7,1.4,0.4,0.1,1,0
51,Elliot Perry,50,8.7,2.5,1,2.6,38,0,0.1,14.3,0.5,0.8,65.9,0.3,0.5,0.8,1.6,0.7,0.1,1,1
52,Marty Conlon,45,8.5,2.7,1.1,2.2,47.5,0,0,0,0.5,0.7,75,0.7,0.8,1.5,0.3,0.2,0.2,0.6,1
53,Rodney Monroe,38,8.2,3.4,1.4,3.8,36.8,0.2,0.7,22.2,0.5,0.6,82.6,0.3,0.6,0.9,0.7,0.3,0.1,0.6,0
54,John Turner,42,8.2,2.8,1,2.3,43.9,0,0,0,0.7,1.4,52.5,0.9,1,1.9,0.3,0.1,0.1,0.8,0
55,Mark Randall,54,8.2,3.2,1.3,2.8,45.6,0.1,0.3,18.8,0.6,0.8,74.4,0.7,0.6,1.3,0.6,0.2,0.1,0.5,0
56,Sean Green,35,7.3,4,1.8,4.5,39.2,0.1,0.3,20,0.4,0.8,53.6,0.6,0.6,1.2,0.6,0.4,0.2,0.8,0
57,Kevin Brooks,37,7.3,2.8,1.2,2.6,44.3,0.1,0.3,18.2,0.5,0.6,81,0.4,0.7,1.1,0.3,0.2,0.1,0.5,0
58,Doug Lee,46,6.7,2.6,1.1,2.5,43.1,0.2,0.8,27,0.2,0.4,52.6,0.4,0.4,0.8,0.5,0.2,0,0.3,0
59,Corey Crowder,51,6.4,2.2,0.8,2.2,38.4,0.3,0.6,43.3,0.3,0.4,83.3,0.3,0.5,0.8,0.3,0.1,0,0.3,0
60,Rich King,40,5.3,2.2,0.7,1.8,38,0,0,0,0.9,1.1,75.6,0.5,0.7,1.2,0.3,0.1,0.1,0.5,0
61,Stephen Thompson,19,4.8,1.6,0.7,1.9,37.8,0,0.1,0,0.2,0.4,37.5,0.6,0.4,1,0.4,0.3,0.2,0.3,0
62,Charles Thomas,36,4.3,1.3,0.5,1.4,35.3,0.1,0.5,11.8,0.3,0.4,66.7,0.2,0.4,0.6,0.6,0.1,0,0.5,0
63,Lionel Simmons,79,37.7,18,6.9,16.5,42.2,0,0.1,27.3,4.1,5.5,73.6,2.4,6.4,8.8,4,1.4,1.1,2.9,1
64,Gary Harris,55,13.1,3.4,1.2,3.9,30.4,0.4,1.9,20.4,0.6,0.9,74.5,0.4,0.8,1.2,0.5,0.7,0.1,0.7,0
65,Derrick Coleman,74,35.2,18.4,6.9,14.9,46.7,0.2,0.5,34.2,4.4,6,73.1,3.6,6.6,10.3,2.2,1,1.3,2.9,1
66,Travis Mays,64,33.5,14.3,4.6,11.3,40.6,1.1,3.1,36.5,4,5.2,77,0.8,1.9,2.8,4,1.3,0.2,2.5,0
67,Dennis Scott,82,28.5,15.7,6.1,14.4,42.5,1.5,4.1,37.4,1.9,2.5,75,0.8,2.1,2.9,1.6,0.8,0.3,1.6,1
68,Gary Payton*,82,27.4,7.2,3.2,7,45,0,0.2,7.7,0.8,1.2,71.1,1.3,1.6,3,6.4,2,0.2,2.2,1
69,Felton Spencer,81,25.9,7.1,2.4,4.7,51.2,0,0,0,2.2,3.1,72.2,3.4,4.6,7.9,0.3,0.6,1.5,0.9,1
70,Willie Burton,76,25.4,12,4.5,10.2,44.1,0.1,0.4,13.3,3,3.9,78.2,1.5,2,3.4,1.4,0.9,0.3,1.9,1
71,Dee Brown,82,23.7,8.7,3.5,7.5,46.4,0.1,0.4,20.6,1.7,1.9,87.3,0.5,1.7,2.2,4.2,1,0.2,1.7,0
72,Kendall Gill,82,23.7,11,4.6,10.2,45,0,0.2,14.3,1.9,2.2,83.5,1.3,1.9,3.2,3.7,1.3,0.5,2,1
73,Duane Causwell,76,22.6,6.9,2.8,5.4,50.8,0,0,0,1.4,2.2,63.6,1.9,3.3,5.1,0.9,0.6,1.9,1.3,1
74,Mahmoud Abdul-Rauf,67,,14.1,6.2,15.1,41.3,0.4,1.5,24,1.3,1.5,85.7,0.5,1.3,1.8,3.1,0.8,0.1,1.6,1
75,A.J. English,70,20.6,8.8,3.6,8.2,43.9,0,0.4,9.7,1.6,2.2,70.7,0.9,1.2,2.1,2.5,0.4,0.2,1.6,0
76,Danny Ferry,81,20.5,8.6,3.4,7.9,42.8,0.3,1,29.9,1.5,1.9,81.6,1.2,2.3,3.5,1.8,0.5,0.3,1.5,1
77,Mario Elie,33,19.5,7.2,2.4,4.8,49.7,0.1,0.3,40,2.3,2.7,84.3,1.4,1.9,3.3,1.4,0.6,0.3,0.9,1
78,Anthony Cook,58,19.3,5.3,2,4.9,41.7,0,0.1,0,1.2,2.2,55,2.3,3.3,5.6,0.4,0.6,1.2,0.9,0
79,Gerald Paddio,70,16.9,7.2,3,7.2,41.9,0.1,0.3,25,1.1,1.3,79.6,0.5,1.1,1.7,1.3,0.3,0.1,1,0
80,Bimbo Coles,82,16.5,4.9,2,4.8,41.2,0.1,0.4,17.6,0.9,1.2,74.7,0.7,1.2,1.9,2.8,0.8,0.1,1.2,1
81,Bo Kimble,62,16.2,6.9,2.6,6.7,38,0.3,1,29.2,1.5,1.9,77.3,0.7,1.2,1.9,1.2,0.5,0.1,1.2,0
82,Alec Kessler,78,16.1,6.2,2.6,6,42.5,0,0.1,0,1.1,1.7,67.2,1.5,2.8,4.3,0.4,0.2,0.3,1.4,0
83,Loy Vaught,73,16.1,5.5,2.4,4.9,48.7,0,0,0,0.7,1,66.2,1.7,3.1,4.8,0.5,0.3,0.3,0.7,1
84,Tyrone Hill,74,16.1,5.3,2,4,49.2,0,0,0,1.3,2.1,63.2,2.1,3.1,5.2,0.3,0.5,0.4,1,1
85,Marcus Liberty,76,15.4,6.7,2.8,6.8,42.1,0.2,0.8,29.8,0.8,1.2,63,1.5,1.4,2.9,0.8,0.6,0.3,0.9,0
86,Terry Mills,55,,5.7,2.4,5.2,46.5,0,0.1,0,0.9,1.2,71.2,1.5,2.7,4.2,0.6,0.6,0.5,0.8,1
87,Jamal Robinson,47,14.3,5.6,2.3,5.1,44.6,0,0.2,18.2,1,1.7,58.8,0.4,1.1,1.5,2.8,0.7,0.2,1.6,0
88,Henry James,37,13.6,8.1,3,6.9,44.1,0.6,1.6,40,1.4,1.9,72.2,0.7,1.4,2.1,0.9,0.4,0.1,1,1
89,Jerrod Mustaf,62,13.3,4.3,1.7,3.7,46.5,0,0,0,0.9,1.4,64.4,0.8,1.9,2.7,0.6,0.2,0.2,1,0
90,Kevin Pritchard,62,12.5,3.9,1.4,3.7,38.4,0.1,0.5,16.1,1,1.2,80.5,0.3,0.8,1,1.3,0.5,0.1,0.9,0
91,Gerald Glass,51,11.9,6.9,2.9,6.7,43.8,0,0.3,11.8,1,1.5,68.4,1.1,0.9,2,0.8,0.6,0.2,0.8,0
92,Larry Robinson,36,11.8,3.9,1.7,4.2,41.3,0,0,0,0.4,0.8,55.6,0.8,0.6,1.4,1,0.4,0,0.8,1
93,Jud Buechler,74,11.6,3.1,1.3,3.1,41.6,0,0.1,25,0.6,0.9,65.2,0.8,1.1,1.9,0.7,0.5,0.2,0.3,1
94,Cedric Ceballos,63,11.6,8.2,3.2,6.7,48.7,0,0.1,16.7,1.7,2.6,66.3,1.2,1.2,2.4,0.6,0.3,0.1,1.1,1
95,Kyle Anderson,33,10.8,2.2,0.9,2.7,34.8,0.1,0.3,27.3,0.3,0.4,64.3,0.2,2,2.2,0.8,0.5,0.2,0.3,0
96,Greg Foster,54,11.2,4.4,1.8,3.9,46,0,0.1,0,0.8,1.1,68.9,1,1.8,2.8,0.7,0.2,0.4,0.8,1
97,Brian Oliver,73,11,3.8,1.5,3.7,40.8,0.1,0.2,27.8,0.7,1,73.2,0.2,0.8,1.1,1.2,0.5,0.1,0.7,0
98,Howard Wright,15,10.9,3.6,1.3,3.1,40.4,0,0.1,0,1.1,1.6,66.7,0.8,2.2,3,0.2,0.3,0.3,0.7,0
99,Tony Smith,64,10.9,3.7,1.5,3.4,44.1,0,0.1,0,0.6,0.9,70.2,0.4,0.7,1.1,2.1,0.4,0.2,1.1,1
100,Tate George,56,10.6,3.4,1.4,3.4,41.5,0,0,0,0.6,0.7,80,0.3,0.5,0.8,1.9,0.5,0.1,0.8,0
101,Rick Calloway,64,10.6,3.2,1.2,3,39.1,0,0,0,0.9,1.2,69.6,0.4,0.8,1.2,1,0.3,0.1,0.8,0
102,Steve Henson,68,10.1,3.1,1.2,2.8,41.8,0.3,0.8,33.3,0.6,0.6,90.5,0.2,0.5,0.8,1.9,0.5,0,0.6,1
103,Andy Toolson,47,100,2.9,1.1,2.6,40.3,0.3,0.7,37.5,0.5,0.7,75.8,0.7,0.7,1.4,0.7,0.3,0,0.5,0
104,Jayson Williams,52,9.8,3.5,1.4,3.1,44.7,0,0,50,0.7,1.1,66.1,0.8,1.3,2.1,0.3,0.2,0.1,0.8,1
105,Kennard Winchester,64,9.5,3.7,1.5,3.8,40,0.1,0.3,40,0.5,0.7,77.8,0.5,0.5,1,0.4,0.3,0.2,0.5,0
106,Johnny O'Bryant,34,10.8,2.9,1.3,3.5,36.7,0,0,0,0.4,0.8,44.4,0.8,1.1,1.9,0.5,0.1,0.1,0.7,0
107,Dwayne Schintzius,42,9.5,3.8,1.6,3.7,43.9,0,0,0,0.5,1,55,0.7,2.2,2.9,0.4,0.1,0.7,0.8,1
108,Sean Higgins,50,9.3,4.5,1.9,4.2,45.8,0.1,0.4,15.8,0.6,0.7,84.8,0.4,0.9,1.3,0.7,0.2,0,1,1
109,Elden Campbell,52,7.3,2.8,1.1,2.4,45.5,0,0,0,0.6,0.9,65.3,0.8,1.1,1.8,0.2,0.2,0.7,0.3,1
110,Kenny Williams,75,7,2.9,1.2,2.4,52,0,0,0,0.5,0.7,68,0.7,1,1.7,0.4,0.1,0.4,0.6,0
111,Keith Askins,39,6.8,2.2,0.9,2.1,42,0.2,0.6,24,0.3,0.6,48,0.8,1,1.7,0.5,0.4,0.3,0.3,1
112,Scott Williams,51,6.6,2.5,1,2,51,0,0,50,0.4,0.5,71.4,0.8,1.1,1.9,0.3,0.2,0.3,0.5,1
113,Richard Coffey,52,6.2,1.3,0.5,1.4,37.3,0,0,0,0.2,0.4,54.5,0.8,0.7,1.5,0.1,0.1,0.1,0.1,0
114,Steve Scheffler,39,5.8,1.5,0.5,1,51.3,0,0,0,0.5,0.5,90.5,0.5,0.6,1.2,0.2,0.1,0.1,0.1,1
115,David Robinson*,82,36.6,24.3,8.4,15.9,53.1,0,0,0,7.5,10.2,73.2,3.7,8.3,12,2,1.7,3.9,3.1,1
116,James Young,31,10.7,3.4,1.2,3.3,35.3,0.5,2.1,25.8,0.5,0.9,55.2,0.3,1.1,1.4,0.4,0.3,0.1,0.2,0
117,Tim Hardaway,79,33.7,14.7,5.9,12.5,47.1,0.3,1.1,27.4,2.7,3.5,76.4,0.7,3.2,3.9,8.7,2.1,0.1,3.3,0
118,J.R. Reid,82,33.6,11.1,4.4,9.9,44,0,0.1,0,2.3,3.5,66.4,2.4,6,8.4,1.2,1.1,0.7,2.1,1
119,Pooh Richardson,82,31.5,11.4,5.2,11.3,46.1,0.3,1,27.7,0.8,1.3,58.9,0.7,2,2.6,6.8,1.6,0.3,1.7,1
120,Sherman Douglas,81,30.5,14.3,5.7,11.6,49.4,0.1,0.4,16.1,2.8,4,68.7,0.9,1.7,2.5,7.6,1.8,0.1,3,1
121,Sam Mitchell,80,30.2,12.7,4.7,10.4,44.6,0,0.1,0,3.4,4.4,76.8,2.3,3.5,5.8,1.1,0.8,0.7,1.2,1
122,Glen Rice,77,30,13.6,6.1,13.9,43.9,0.2,0.9,24.6,1.2,1.6,73.4,1.3,3.3,4.6,1.8,0.9,0.3,1.5,1
123,Mookie Blaylock,50,25.3,10.1,4.2,11.4,37.1,0.4,1.6,22.5,1.3,1.6,77.8,0.8,2,2.8,4.2,1.6,0.3,2.2,1
124,Sean Elliott,81,25.1,10,3.8,8,48.1,0,0.1,11.1,2.3,2.7,86.6,1.6,2.1,3.7,1.9,0.6,0.2,1.4,1
125,Blue Edwards,82,23,8.9,3.5,6.9,50.7,0.1,0.4,30,1.8,2.5,71.9,0.8,2.2,3.1,1.8,0.9,0.4,1.9,1
126,Cory Jefferson,50,10.6,3.7,1.5,3.3,44.9,0,0.3,13.3,0.6,1.1,57.4,0.9,2,2.9,0.3,0.2,0.4,0.4,0
127,Nick Anderson,81,22,11.5,4.6,9.3,49.4,0,0.2,5.9,2.3,3.3,70.5,1.3,2.6,3.9,1.5,0.8,0.4,1.7,1
128,Stacey King,82,21.7,8.9,3.3,6.5,50.4,0,0,0,2.4,3.3,72.7,2.1,2.6,4.7,1.1,0.5,0.7,1.4,1
129,Dana Barros,81,20.1,9.7,3.7,9.1,40.5,1.2,2.9,39.9,1.1,1.4,80.9,0.4,1.2,1.6,2.5,0.7,0,1.5,1
130,Jeff Martin,69,19.6,6.3,2.5,6,41.1,0,0.2,13.3,1.3,1.9,70.5,1.1,1.2,2.3,0.6,0.6,0.2,0.7,0
131,Clifford Robinson,82,19.1,9.1,3.6,9.2,39.7,0.1,0.5,27.3,1.7,3.1,55,1.3,2.4,3.8,0.9,0.7,0.7,1.6,1
132,Winston Bennett,55,18,6.1,2.5,5.2,47.9,0,0,0,1.2,1.7,66.7,1.5,1.9,3.4,1,0.4,0.2,1.1,0
133,Chucky Brown,75,17.9,7.3,2.8,6,47,0,0.1,0,1.7,2.2,76.2,1.1,2,3.1,0.7,0.4,0.3,0.9,1
134,Michael Ansley,72,17,8.7,3.2,6.5,49.7,0,0,0,2.3,3.2,72.2,2.6,2.4,5,0.6,0.3,0.2,0.7,0
135,Todd Lichti,79,16.8,8,3.2,6.5,48.6,0,0.2,0,1.6,2.2,74.7,0.6,1.3,1.9,1.5,0.7,0.2,1.2,1
136,Noah Vonleh,25,10.4,3.3,1.2,3,39.5,0.2,0.5,38.5,0.7,1,69.2,1.1,2.3,3.4,0.2,0.2,0.4,0.4,0
137,B.J. Armstrong,81,15.9,5.6,2.3,4.8,48.5,0,0.1,50,0.9,1,88.5,0.2,1,1.3,2.5,0.6,0.1,1,1
138,Terry Davis,63,14,4.7,1.9,4.2,46.6,0,0,0,0.9,1.4,62.1,1.5,2.2,3.6,0.4,0.4,0.4,1.1,1
139,Shawn Kemp,81,13.8,6.5,2.5,5.2,47.9,0,0.1,16.7,1.4,2,73.6,1.8,2.5,4.3,0.3,0.6,0.9,1.3,1
140,Tom Hammonds,61,13.2,5.3,2.1,4.8,43.7,0,0,0,1,1.6,64.3,1,1.8,2.8,0.8,0.2,0.2,0.8,1
141,Scott Haffner,43,13,4.6,2,5,40.6,0.1,0.5,14.3,0.4,0.6,68,0.2,1,1.2,1.9,0.3,0.1,0.8,0
142,Randy White,55,12.9,4.3,1.7,4.6,36.9,0,0.3,7.1,0.9,1.6,56.2,1.4,1.7,3.1,0.4,0.4,0.1,0.8,1
143,Kenny Battle,59,12.4,4.1,1.6,2.9,54.7,0,0.1,25,0.9,1.4,67.1,0.7,1.4,2.1,0.6,0.6,0.2,0.5,0
144,Donald Royal,66,11.3,5.9,1.8,3.9,45.9,0,0,0,2.3,3,77.7,1,1,2.1,0.7,0.5,0.1,1.2,1
145,Michael Carter-Williams,70,34.5,16.7,6.1,15.1,40.5,0.8,3,26.4,3.7,5.2,70.3,1.4,4.8,6.2,6.3,1.9,0.6,3.5,0
146,Delaney Rudd,77,11,3.5,1.4,3.4,42.9,0.2,0.7,28.6,0.5,0.7,66,0.2,0.6,0.7,2.3,0.3,0,1.1,0
147,John Morton,37,10.9,3.9,1.3,4.4,29.8,0.2,0.8,23.3,1.2,1.7,69.4,0.2,0.7,0.9,1.8,0.5,0.1,1.4,0
148,Greg Grant,67,10.1,3.1,1.2,3.2,38.4,0,0.2,18.8,0.6,0.9,66.1,0.2,0.6,0.9,2.5,0.5,0,1.1,1
149,Doug Roth,42,9.8,1.9,0.9,2,43,0,0,0,0.2,0.3,50,1,1.8,2.9,0.5,0.2,0.3,0.4,0
150,Byron Irvin,50,9.8,5.2,1.9,4.1,47.3,0.1,0.3,35.7,1.2,1.8,67,0.6,0.9,1.5,0.9,0.6,0,0.8,0
151,Michael Smith,65,9.5,5,2.1,4.4,47.6,0,0.4,7.1,0.8,1,82.8,0.6,0.9,1.5,1.2,0.1,0,0.8,0
152,George McCloud,44,9.4,2.7,1,3.3,31.3,0.3,0.9,32.5,0.3,0.4,78.9,0.3,0.7,1,1,0.4,0.1,0.8,1
153,Henry Turner,36,8.8,4.3,1.6,3.4,47.5,0,0.1,0,1.1,1.8,61.5,0.6,0.8,1.4,0.6,0.5,0.2,0.7,0
154,Charles Smith,60,8.7,2.9,1,2.2,44.4,0,0.1,0,0.9,1.3,69.7,0.2,0.9,1.2,1.7,0.6,0.1,0.6,1
155,Ed Horton,45,8.3,4.5,1.8,3.6,49.4,0,0.1,0,0.9,1.5,60.9,1.3,1.1,2.4,0.4,0.2,0.1,0.9,0
156,Trey Burke,70,32.3,12.8,4.9,12.8,38,1.6,4.8,33,1.5,1.6,90.3,0.5,2.4,3,5.7,0.6,0.1,1.9,0
157,Frank Kornet,57,7.7,2,0.7,2,36.8,0.1,0.4,25,0.4,0.7,61.5,0.4,0.8,1.2,0.4,0.3,0.1,0.4,0
158,Doug West,52,7.3,2.6,1,2.6,39.3,0.1,0.2,27.3,0.5,0.6,81.3,0.5,0.9,1.3,0.3,0.2,0.1,0.6,1
159,Adrian Caldwell,51,6.5,1.9,0.8,1.5,55.3,0,0,0,0.3,0.5,46.4,0.7,1.4,2.1,0.1,0.2,0.3,0.6,1
160,Kenny Payne,35,6.2,3.3,1.3,3.1,43.5,0.1,0.3,40,0.5,0.5,88.9,0.3,0.4,0.7,0.3,0.2,0.2,0.6,0
161,Eric Johnson,48,5.7,1.1,0.4,1.8,23.8,0,0.1,16.7,0.3,0.4,76.5,0.2,0.4,0.6,1.3,0.3,0,0.5,0
162,Mike Williams,21,4.9,0.7,0.3,0.9,33.3,0,0,0,0.1,0.3,50,0.2,0.9,1.1,0.1,0.1,0.3,0.1,0
163,Mike Morrison,36,4.3,2,0.6,1.9,33.8,0.1,0.2,28.6,0.7,0.8,80,0.2,0.4,0.6,0.3,0.1,0,0.6,0
164,Nate Johnston,21,4.1,2.2,0.9,2.3,37.5,0,0.2,25,0.4,0.6,69.2,0.6,0.5,1.1,0,0.1,0.4,0.3,0
165,Mitch Richmond*,79,34.4,22,8.2,17.5,46.8,0.4,1.1,36.7,5.2,6.4,81,2,3.9,5.9,4.2,1,0.2,3.4,1
166,Willie Anderson,81,33.8,18.6,7.9,15.9,49.8,0,0.3,19,2.8,3.6,77.5,1.9,3.3,5.1,4.6,1.9,0.8,3.2,1
167,Victor Oladipo,80,31.1,13.8,4.9,11.7,41.9,0.9,2.8,32.7,3.1,4,78,0.5,3.6,4.1,4.1,1.6,0.5,3.2,0
168,Hersey Hawkins,79,32.6,15.1,5.6,12.3,45.5,0.9,2.1,42.8,3.1,3.7,83.1,0.6,2.2,2.8,3,1.5,0.5,2,1
169,Kevin Edwards,79,29.7,13.8,5.9,14,42.5,0.1,0.5,27,1.8,2.4,74.6,1.1,2.2,3.3,4.4,1.8,0.3,3.1,1
170,Grant Long,82,29.7,11.9,4.1,8.4,48.6,0,0.1,0,3.7,5,74.9,2.9,3.7,6.7,1.8,1.5,0.6,2.5,1
171,Rex Chapman,75,29.6,16.9,7,16.9,41.4,0.8,2.5,31.4,2.1,2.6,79.5,1,1.5,2.5,2.3,0.9,0.3,1.5,1
172,Brian Shaw,82,28.1,8.6,3.6,8.4,43.3,0,0.2,0,1.3,1.6,82.6,1.5,3.1,4.6,5.8,0.9,0.3,2.3,1
173,Chris Morris,76,27.6,14.1,5.4,11.9,45.7,0.8,2.3,36.6,2.4,3.3,71.7,2.5,2.8,5.2,1.6,1.3,0.8,2.5,1
174,Gary Grant,71,27.1,11.9,5.1,11.7,43.5,0.1,0.3,22.7,1.7,2.3,73.5,1.1,2.2,3.4,7.1,2,0.1,3.6,1
175,Vernon Maxwell,79,26.1,11.7,4.5,10.5,43.2,0.4,1.6,24.8,2.3,3.1,74.5,0.6,1.9,2.6,3.8,1.1,0.1,2.3,1
176,Ben McLemore,82,26.7,8.8,3.1,8.3,37.6,1.2,3.6,32,1.4,1.7,80.4,0.6,2.2,2.9,1,0.6,0.2,1.2,0
177,Dan Majerle,54,25.1,8.6,3.4,8,41.9,0.5,1.5,32.9,1.4,2.4,61.4,1.1,2.7,3.9,2.4,1.2,0.3,0.9,1
178,Sylvester Gray,55,22.2,8,3,7.2,42,0,0.1,25,1.9,2.8,67.3,2.1,3.1,5.2,2.1,0.7,0.5,1.9,0
179,Ricky Berry,64,22,11,4,8.9,45,1,2.5,40.6,2,2.6,78.9,0.9,2.2,3.1,1.3,0.6,0.3,1.3,0
180,Tom Garrick,71,21.1,6.4,2.5,5.1,49,0,0.2,0,1.4,1.8,80.3,0.5,1.7,2.2,3.4,1.1,0.1,1.6,0
181,Michael Anderson,36,20.3,5.7,2,4.9,41.7,0,0.2,14.3,1.6,2.3,69.5,1.2,1.3,2.5,4.3,1.2,0.1,2.3,0
182,Vinny Del Negro,80,19.5,7.1,3,6.3,47.5,0.1,0.3,30,1.1,1.3,85,0.6,1.5,2.1,2.6,0.8,0.2,1,1
183,Kelvin Upshaw,32,19.3,6.8,3.1,6.6,46.7,0.1,0.5,20,0.6,0.8,69.2,0.3,1.2,1.5,3.7,0.8,0.1,1.7,0
184,Derrick Chievous,81,19,9.3,3.4,7.8,43.7,0.1,0.3,20.8,2.4,3,78.3,1.4,1.8,3.2,1,0.6,0.1,1.7,0
185,Ledell Eackles,80,18.2,11.5,4,9.2,43.4,0.1,0.5,22.5,3.4,4.3,78.6,1.3,1,2.3,1.5,0.5,0.1,1.6,1
186,Harvey Grant,71,16.8,5.6,2.5,5.5,46.4,0,0,0,0.5,0.8,59.6,1.1,1.2,2.3,1.1,0.5,0.4,0.4,1
187,Rod Strickland,81,16.8,8.9,3.3,7,46.7,0.2,0.7,32.2,2.1,2.9,74.5,0.6,1.3,2,3.9,1.2,0,1.8,1
188,Scott Brooks,82,16.7,5.2,1.9,4.5,42,0.7,1.9,35.9,0.7,0.8,88.4,0.2,0.9,1.1,3.7,0.8,0,0.8,1
189,Todd Mitchell,24,14.7,5.1,1.8,4,44.3,0,0,0,1.5,2.7,57.8,0.8,1.3,2.1,0.9,0.7,0.1,1.4,0
190,John Shasky,65,14.5,5.5,1.9,3.8,48.8,0,0,0,1.8,2.6,68.9,1.5,2.1,3.6,0.3,0.2,0.2,0.7,0
191,Mark Bryant,56,14.3,5,2.1,4.4,48.6,0,0,0,0.7,1.2,58,1.2,2,3.2,0.6,0.4,0.1,0.7,1
192,Shelton Jones,51,13.4,4.8,1.8,4.1,44.5,0,0,0,1.1,1.6,72.5,0.6,1.6,2.2,0.8,0.4,0.3,0.9,0
193,Eric Leckner,75,10.4,4.3,1.6,2.9,54.5,0,0,0,1.1,1.5,69.9,0.6,2,2.7,0.2,0.1,0.3,0.9,1
194,Jerome Lane,54,10.2,4.8,2,4.7,42.6,0,0.1,0,0.8,2.1,38.4,1.6,2.1,3.7,1.1,0.4,0.1,0.9,1
195,Tim Perry,62,9.9,4.1,1.7,3.2,53.7,0,0.1,25,0.6,1,61.5,1,1.1,2.1,0.3,0.3,0.5,0.6,1
196,Jim Les,82,9.5,1.7,0.5,1.6,30.1,0,0.2,7.1,0.7,0.9,78.1,0.3,0.8,1.1,2.6,0.3,0.1,1.1,1
197,Craig Neal,53,9.4,2.2,0.8,2.3,36.6,0.2,0.6,29.4,0.3,0.4,60.9,0.1,0.4,0.5,2.2,0.5,0.1,1,0
198,David Rivers,47,9.4,2.9,1,2.6,40.2,0,0.1,16.7,0.7,0.9,83.3,0.3,0.6,0.9,2.3,0.5,0.2,1.3,0
199,John Starks,36,8.8,4.1,1.4,3.5,40.8,0.3,0.7,38.5,0.9,1.4,65.4,0.4,0.7,1.1,0.8,0.6,0.1,1.1,1
200,Andrew Lang,62,8.5,2.6,1,1.9,51.3,0,0,0,0.6,1,65,0.9,1.5,2.4,0.1,0.3,0.8,0.5,1
201,Bill Jones,37,8.3,3.5,1.4,2.8,49,0,0,0,0.8,1.2,67.4,0.5,0.7,1.3,0.5,0.5,0.2,0.5,0
202,Charles Shackleford,60,8.1,3.1,1.4,2.8,49.4,0,0,0,0.4,0.7,50,0.8,1.7,2.6,0.4,0.3,0.3,0.5,1
203,Morlon Wiley,51,8,2.2,0.9,2.2,40.4,0.1,0.5,25,0.3,0.3,81.3,0.3,0.7,0.9,1.5,0.5,0.1,0.7,1
204,Randolph Keys,42,7.9,4,1.8,4.1,43,0,0.2,10,0.5,0.7,69,0.5,0.8,1.3,0.5,0.3,0.1,0.5,1
205,Mark Davis,33,7.8,3.8,1.5,3.1,48,0,0.3,10,0.8,1,82.4,0.5,0.6,1.1,0.4,0.4,0.1,0.4,1
206,Troy Williams,24,17.4,5.3,2.1,5.1,41.8,0.4,1.7,24.4,0.6,1,60,0.3,1.6,1.8,0.8,1,0.4,1.1,0
207,Hollis Thompson,77,22.6,6,2.2,4.8,46,0.9,2.2,40.1,0.7,0.9,71.2,0.9,2.3,3.2,0.9,0.7,0.2,0.8,0
208,Ron Grandison,72,7.3,2.5,0.8,2,41.5,0,0.1,0,0.8,1.1,73.8,0.7,0.6,1.3,0.6,0.3,0,0.5,0
209,Micheal Williams,49,7.3,2.6,1,2.6,36.4,0,0.2,22.2,0.6,1,66,0.2,0.4,0.6,1.4,0.3,0.1,0.9,1
210,Anthony Frederick,46,6.8,3.3,1.4,2.7,50.4,0,0.1,40,0.5,0.7,70.6,0.6,0.6,1.1,0.4,0.3,0.1,0.7,0
211,Avery Johnson,43,6.8,1.6,0.7,1.9,34.9,0,0.2,11.1,0.2,0.4,56.3,0.3,0.3,0.6,1.7,0.5,0.1,0.4,1
212,Everette Stephens,35,6,1.9,0.7,2.1,31.9,0.1,0.3,20,0.5,0.6,77.3,0.3,0.3,0.7,1.1,0.3,0.1,0.8,0
213,Jack Haley,51,5.7,2.2,0.7,1.5,47.4,0,0,0,0.7,0.9,78.3,0.4,1,1.4,0.2,0.2,0,0.5,1
214,Duane Ferrell,41,5.6,2.4,0.9,2,42.2,0,0,0,0.7,1.1,68.2,0.5,0.5,1,0.2,0.2,0.1,0.3,1
215,Mark Jackson,82,39.6,13.6,5.3,12.4,43.2,0.4,1.5,25.4,2.5,3.2,77.4,1.5,3.4,4.8,10.6,2.5,0.1,3.1,1
216,Kenny Smith,61,35.6,13.8,5.4,11.4,47.7,0.2,0.6,30.8,2.7,3.3,81.9,0.7,1.6,2.3,7.1,1.5,0.1,3,1
217,Nate Wolters,58,22.6,7.2,2.9,6.7,43.7,0.3,1.1,29,1,1.6,65.6,0.6,2,2.6,3.2,0.6,0.3,1,0
218,Armen Gilliam,55,32.9,14.8,6.2,13.1,47.5,0,0,0,2.4,3.5,67.9,2.4,5.5,7.9,1.3,1.1,0.5,2.2,1
219,Winston Garland,67,31.7,12.4,5.1,11.6,43.9,0.2,0.6,33.3,2.1,2.3,87.9,1,2.4,3.4,6.4,1.7,0.1,2.5,1
220,Joe Wolf,42,27.1,7.6,3.2,8,40.7,0.1,0.4,20,1.1,1.3,83.3,1.2,3.2,4.5,2.3,0.9,0.4,1.8,1
221,Reggie Williams,35,24.5,10.4,4.3,12.2,35.6,0.4,1.7,22.4,1.4,1.9,72.7,1.6,1.8,3.4,1.7,0.8,0.6,1.8,1
222,Greg Anderson,82,24.2,11.7,4.6,9.2,50.1,0,0.1,20,2.4,4,60.4,2,4.3,6.3,1,0.7,1.5,1.7,1
223,Kevin Johnson,80,24,9.2,3.4,7.5,46.1,0.1,0.3,20.8,2.2,2.6,83.9,0.5,1.9,2.4,5.5,1.3,0.3,1.8,1
224,Horace Grant,81,22.6,7.7,3.1,6.3,50.1,0,0,0,1.4,2.2,62.6,1.9,3.6,5.5,1.1,0.6,0.7,1.1,1
225,Reggie Miller*,82,22.4,10,3.7,7.6,48.8,0.7,2.1,35.5,1.8,2.3,80.1,1.2,1.2,2.3,1.6,0.7,0.2,1.2,1
226,Dennis Hopson,61,22.4,9.6,3.6,9,40.4,0.2,0.7,26.7,2.1,2.9,74,1,1.3,2.3,1.9,0.9,0.4,1.9,1
227,Ken Norman,66,21.7,8.6,3.7,7.6,48.2,0,0.2,0,1.3,2.6,51.2,1.5,2.5,4,1.2,0.7,0.5,1.6,1
228,Ryan Kelly,59,22.2,8,2.7,6.3,42.3,0.8,2.4,33.8,1.9,2.3,81.5,0.7,3,3.7,1.6,0.5,0.8,0.8,0
229,Scottie Pippen*,79,20.9,7.9,3.3,7.1,46.3,0.1,0.3,17.4,1.3,2.2,57.6,1.5,2.3,3.8,2.1,1.1,0.7,1.7,1
230,Derrick McKey,82,20.8,8.5,3.1,6.3,49.1,0.1,0.4,36.7,2.1,2.7,77.2,1.4,2.6,4,1.3,0.8,0.8,1.3,1
231,Muggsy Bogues,79,20.6,5,2.1,5.4,39,0,0.2,18.8,0.7,0.9,78.4,0.4,1.3,1.7,5.1,1.6,0,1.3,1
232,Tellis Frank,78,20.5,8.1,3.1,7.2,42.8,0,0,0,1.9,2.7,72.5,1.2,3,4.2,1.4,0.7,0.3,1.4,1
233,Ricky Wilson,24,17.5,5.2,1.8,4.6,39.1,0.4,1.1,38.5,1.2,1.7,72.5,0.1,1,1.1,2.9,1,0.1,1,0
234,Dave Hoppen,39,16.5,5.7,2.2,4.7,45.9,0,0,0,1.4,1.6,87.1,1.5,3,4.5,0.8,0.3,0.1,0.9,1
235,Dallas Comegys,75,15,5.6,2.1,4.8,43,0,0,0,1.4,2,70.7,0.7,2.2,2.9,0.9,0.5,0.9,1.6,0
236,Mark Acres,79,14.6,3.6,1.4,2.6,53.2,0,0,0,0.9,1.4,64,1.3,2.1,3.4,0.5,0.4,0.3,0.7,1
237,Michael Jackson,58,13.1,2.7,1.1,2.9,37.4,0.1,0.4,24,0.4,0.6,71.9,0.3,0.7,1,3.1,0.3,0.1,1,0
238,Tony White,49,11.9,5.3,2.3,5.1,44.6,0,0.1,0,0.8,1.1,72.2,0.2,0.4,0.6,1.2,0.4,0,1,0
239,Brad Lohaus,70,10.3,4.2,1.7,3.5,49.6,0,0.2,23.1,0.7,0.9,80.6,0.7,1.3,2,0.7,0.3,0.6,0.8,1
240,Milt Wagner,40,9.5,3.8,1.6,3.7,42.2,0.1,0.3,20,0.7,0.7,89.7,0.1,0.6,0.7,1.5,0.1,0.1,0.6,0
241,Chris Dudley,55,9.3,3.1,1.2,2.5,47.4,0,0,0,0.7,1.3,56.3,1.3,1.3,2.6,0.4,0.2,0.3,0.6,1
242,Clinton Wheeler,59,8.7,2.5,1.1,2.2,47,0,0,0,0.4,0.6,73.5,0.3,0.4,0.7,1.7,0.6,0,0.9,0
243,Billy Donovan,44,8.3,2.4,1,2.5,40.4,0,0.2,0,0.4,0.5,81,0.1,0.5,0.6,2,0.4,0,0.9,0
244,Reggie Lewis,49,8.3,4.5,1.8,3.9,46.6,0,0.1,0,0.8,1.2,70.2,0.6,0.7,1.3,0.5,0.3,0.3,0.6,1
245,Martin Nessley,44,7.6,1.1,0.5,1.2,38.5,0,0,0,0.2,0.4,44.4,0.5,1.3,1.9,0.4,0.2,0.3,0.5,0
246,John Stroeder,41,6.6,1.9,0.7,1.9,36.7,0,0,0,0.5,0.7,66.7,0.6,1.1,1.7,0.5,0.1,0.3,0.6,0
247,Bart Kofoed,36,6.3,1.3,0.5,1.3,37.5,0.1,0.2,28.6,0.2,0.4,61.5,0.1,0.3,0.4,0.6,0.2,0,0.5,1
248,Ray McCallum,45,19.9,6.2,2.5,6.7,37.7,0.5,1.3,37.3,0.7,1,74.4,0.4,1.4,1.8,2.7,0.5,0.2,0.9,0
249,Ralph Lewis,50,6.2,1.7,0.5,1.7,31,0,0,0,0.6,1,60.4,0.3,0.7,1,0.3,0.3,0.1,0.4,0
250,Ron Harper,82,37.4,22.9,9,19.7,45.5,0.2,1.1,21.3,4.7,6.9,68.4,2.1,2.7,4.8,4.8,2.5,1,4.2,1
251,Chuck Person,82,36,18.8,7.7,16.6,46.8,0.6,1.7,35.5,2.7,3.6,74.7,2,6.2,8.3,3.6,1.1,0.2,2.6,1
252,Hot Rod Williams,80,33.9,14.6,5.4,11.2,48.5,0,0,0,3.7,5,74.5,2.8,5.1,7.9,1.9,0.7,2.1,1.7,1
253,Brad Daugherty,80,33.7,15.7,6.1,11.3,53.8,0,0,0,3.5,5,69.6,1.9,6.2,8.1,3.8,0.6,0.8,3.1,1
254,Nate McMillan,71,27.8,5.3,2,4.2,47.5,0,0.1,0,1.2,2,61.7,1.4,3.2,4.7,8.2,1.8,0.6,2.2,1
255,Kenny Walker,68,25.3,10.4,4.2,8.5,49.1,0,0.1,0,2.1,2.7,75.7,1.7,3.2,5,1.1,0.7,0.7,1.1,1
256,Walter Berry,63,25.2,15.9,6.5,12.2,53.1,0,0,0,3,4.6,64.9,2.2,2.7,4.9,1.7,0.6,0.6,2.4,0
257,John Williams,78,22.7,9.2,3.6,8,45.4,0.1,0.5,22.2,1.8,2.9,64.6,1.7,3,4.7,2.4,1.6,0.4,1.6,1
258,Kentavious Caldwell-Pope,80,19.8,5.9,2.3,5.8,39.6,0.7,2.3,31.9,0.6,0.8,77,0.5,1.5,2,0.7,0.9,0.1,0.3,0
259,Brad Sellers,80,21.9,8.5,3.5,7.6,45.5,0,0.1,20,1.6,2.2,72.8,1.9,2.7,4.7,1.3,0.6,0.8,1.1,1
260,David Wingate,77,20.9,8.8,3.4,7.8,43,0.2,0.7,25,1.9,2.6,74.1,0.9,1.1,2,2,1.2,0.3,1.7,1
261,Johnny Dawkins,81,20.8,10.3,4.1,9.4,43.7,0.2,0.6,29.8,1.9,2.4,80.1,0.7,1.4,2.1,3.6,0.8,0,1.5,1
262,William Bedford,50,19.6,6.7,2.8,7.2,39.7,0,0,0,1,1.7,58.1,1.6,3.3,4.9,1.1,0.4,0.7,1.7,1
263,Jeff Hornacek,80,19.5,5.3,2,4.4,45.4,,0.5,27.9,1.2,1.5,77.7,0.5,1.8,2.3,4.5,0.9,0.1,1.9,1
264,Roy Tarpley,75,18.7,7.5,3.1,6.7,46.7,0,0,,1.3,1.9,67.6,2.4,4.7,7.1,0.7,0.8,1.1,1.4,1
265,Mark Price,67,18.2,6.9,2.6,6.3,40.8,0.3,1,32.9,1.4,1.7,83.3,0.5,1.3,1.7,3,0.6,0.1,1.6,1
266,John Salley,82,17.8,5.3,2,3.5,56.2,0,0,0,1.3,2.1,61.4,1.3,2.3,3.6,0.7,0.5,1.5,0.9,1
267,Mark Alarie,64,17.3,7.9,3.4,6.9,49,0,0.1,22.2,1,1.6,66.3,1.1,2.2,3.3,1.2,0.3,0.4,0.9,1
268,Ben Coleman,68,15.1,6.6,2.7,4.6,58.1,0,0,0,1.3,1.8,72.7,1.5,2.8,4.2,0.5,0.5,0.5,1.4,1
269,Dennis Rodman*,77,15,6.5,2.8,5.1,54.5,0,0,0,1,1.6,58.7,2.1,2.2,4.3,0.7,0.5,0.6,1.2,1
270,Larry Krystkowiak,68,14.8,6.6,2.5,5.5,45.6,0,,8.3,1.6,2.2,74.3,1.1,2.4,3.5,1.3,0.3,0.2,1,1
271,Kenny Gattison,77,14.3,5.2,1.9,4,47.6,0,0,0,1.4,2.2,63.2,1.1,2.4,3.5,0.5,0.3,0.4,1.1,1
272,Tim Kempton,66,14.2,4.4,1.5,3.1,47.1,0,0,0,1.4,2.1,69.3,1.1,1.9,2.9,0.8,0.6,0.2,0.7,1
273,Harold Pressley,67,13.6,4.6,2,4.7,42.3,0.1,0.4,25,0.5,0.7,72.9,1,1.6,2.6,1.8,0.6,0.3,0.9,0
274,Kevin Duckworth,65,13.5,5.4,2,4.2,47.6,0,0,0,1.4,2.1,68.7,1.2,2.3,3.4,0.4,0.3,0.3,1.2,1
275,Anthony Jones,65,13.2,5,2,5,41.3,0.1,0.3,35,0.8,1,76.9,0.6,1,1.6,1.1,0.7,0.3,0.8,0
276,Mike Brown,62,13.2,4.2,1.7,3.2,52.7,0,0,0,0.7,1.2,63.9,1.1,2.3,3.5,0.4,0.3,0.1,0.9,1
277,Grant Gondrezick,64,13.1,5.5,2.1,4.7,45,0.1,0.3,23.5,1.2,1.7,70.1,0.7,1,1.7,1.3,0.4,0.1,0.9,0
278,Billy Thompson,59,12.9,5.6,2.4,4.4,54.4,0,0,0,0.8,1.3,64.9,1.2,1.7,2.9,1,0.3,0.5,1,1
279,Mason Plumlee,70,18.2,7.4,2.8,4.3,65.9,0,0,0,1.7,2.8,62.6,1.4,3,4.4,0.9,0.7,0.8,1.1,0
280,Rafael Addison,62,11.5,5.8,2.4,5.3,44.1,0.3,0.8,32,0.8,1,79.7,0.7,1,1.7,0.7,0.4,0.1,0.9,1
281,Chris Washburn,35,11,3.8,1.6,4.1,39.3,0,0,0,0.5,1.5,35.3,1,1.9,2.9,0.5,0.2,0.2,1.1,0
282,Keith Smith,42,11,3.3,1.4,3.6,38,0.1,0.2,33.3,0.5,0.7,75,0.3,0.5,0.8,1,0.6,0.1,0.7,0
283,Johnny Newman,59,10.7,5,1.9,4.7,41.1,0,0.4,4.5,1.1,1.3,86.8,0.6,0.6,1.2,0.5,0.3,0.1,0.8,1
284,Johnny Rogers,45,10.4,4.2,2,4.1,48.6,0,0.1,0,0.2,0.3,60,0.7,1,1.7,0.6,0.2,0.2,0.4,0
285,Dell Curry,67,9.5,4.9,2.1,4.9,42.6,0.3,0.9,28.3,0.4,0.6,78.9,0.4,0.7,1.2,0.9,0.4,0.1,0.7,1
286,Buck Johnson,60,8.7,3.8,1.6,3.4,46.8,0,0,0,0.7,1,69,0.6,0.8,1.5,0.7,0.3,0.3,0.6,1
287,Clinton Smith,41,8.3,3.1,1.2,2.9,42.7,0,0,0,0.7,0.9,75,0.6,0.7,1.4,1.1,0.3,0,0.6,0
288,Dave Feitl,62,8,3.7,1.4,3.3,43.6,0,0,0,0.9,1.1,74.6,0.6,1.3,1.9,0.4,0.1,0.1,0.6,1
289,Bob Martin,43,6.7,3.4,1.2,3.1,37.8,0.1,0.3,20,1,1.5,63.6,0.3,0.7,1,0.8,0.3,0.1,0.8,0
290,Conner Henry,54,6,2.3,0.9,2.5,33.8,0.2,0.8,31,0.3,0.5,63,0.1,0.5,0.6,0.6,0.2,0,0.5,0
291,Patrick Ewing,50,35.4,20,7.7,16.3,47.4,0,0.1,0,4.5,6.1,73.9,2.5,6.5,9,2,1.1,2.1,3.4,0
292,Xavier McDaniel,82,33,17.1,7,14.3,49,0,0.1,20,3,4.4,68.7,3.7,4.2,8,2.4,1.2,0.5,3,1
293,Karl Malone*,81,30.6,14.9,6.2,12.5,49.6,0,0,0,2.4,5,48.1,2.1,6.7,8.9,2.9,1.3,0.5,3.4,1
294,Wayman Tisdale,81,28.1,14.7,6.4,12.4,51.5,0,0,0,2,2.9,68.4,2.4,4.9,7.2,1,0.4,0.5,2.3,1
295,Benoit Benjamin,79,26.4,11.1,4.1,8.4,49,0,0,33.3,2.9,3.9,74.6,2,5.6,7.6,1,0.8,2.6,1.8,1
296,Chris Mullin*,55,25.3,14,5.2,11.3,46.3,0.1,0.5,18.5,3.4,3.8,89.6,0.8,1.3,2.1,1.9,1.3,0.4,1.4,1
297,Gerald Wilkins,81,25,12.5,5.4,11.5,46.8,0.1,0.3,28,1.6,2.9,55.7,1.1,1.4,2.6,2,0.8,0.1,1.9,1
298,Joe Dumars*,82,23.9,9.4,3.5,7.3,48.1,0.1,0.2,31.3,2.3,2.9,79.8,0.7,0.7,1.5,4.8,0.8,0.1,1.9,1
299,Cody Zeller,82,17.3,6,2.1,4.9,42.6,0,0,0,1.8,2.4,73,1.4,2.9,4.3,1.1,0.5,0.5,1.1,0
300,Charles Oakley,77,23,9.6,3.6,7,51.9,0,0,0,2.3,3.5,66.2,3.3,5.3,8.6,1.7,0.9,0.4,2.3,1
301,Jon Koncak,82,20.7,8.3,3.2,6.3,50.7,0,0,0,1.9,3.1,60.7,2.1,3.6,5.7,0.7,0.5,0.8,1.4,1
302,Keith Lee,58,20.6,7.4,3.1,6.6,46.6,0,0.2,22.2,1.3,1.7,78.1,2,4.1,6.1,1.2,0.5,0.6,1.3,0
303,Ed Pinckney,80,20,8.5,3.2,5.7,55.8,0,0,0,2.1,3.2,67.3,1.2,2.7,3.9,1.1,0.9,0.5,1.9,1
304,A.C. Green,82,18.8,6.4,2.5,4.7,53.9,0,0.1,16.7,1.2,2,61.1,2,2.7,4.6,0.7,0.6,0.6,1.2,1
305,Bob Thornton,71,18.6,4.7,1.8,3.9,45.6,0,0,0,1.2,2.3,53.1,1.6,2.5,4.1,0.6,0.4,0.1,1.2,1
306,Terry Catledge,64,17.1,7.7,3.2,6.7,46.9,0,0.1,0,1.4,2.2,64.7,1.7,2.6,4.3,0.3,0.5,0.1,1.1,1
307,Spud Webb,79,15.6,7.8,2.5,5.2,48.3,0,0.1,18.2,2.7,3.5,78.5,0.3,1.2,1.6,4.3,1,0.1,2,1
308,Terry Porter,79,15.4,7.1,2.7,5.7,47.4,0.2,0.5,31,1.6,2,80.6,0.4,1,1.5,2.5,1,0,1.3,1
309,Marquese Chriss,34,17.1,7,2.7,6.3,42.7,0.6,2.1,31,1,1.7,59.6,1.1,2.2,3.3,0.5,0.5,0.5,1.2,0
310,Nick Calathes,71,16.5,4.9,2,4.4,45.7,0.3,0.9,31.1,0.6,1,61.1,0.3,1.6,1.9,2.9,0.9,0.1,1.4,0
311,Carey Scurry,78,15,4.7,1.8,3.9,47.2,0,0.1,9.1,1,1.6,61.9,1.2,1.9,3.1,1.1,1,0.8,1.2,0
312,Dirk Minniefield,76,14.9,5.5,2.2,4.6,48.1,0.1,0.5,27,1,1.2,78.5,0.6,1.2,1.7,3.5,0.9,0,1.4,0
313,Joe Kleine,80,14.8,5.2,2,4.3,46.5,0,0,0,1.2,1.6,72.3,1.4,3.3,4.7,0.6,0.3,0.4,1.3,1
314,Alfredrick Hughes,68,12.7,5.2,2.2,5.5,40.9,0,0.3,17.6,0.7,1.2,58.3,0.7,0.9,1.7,0.9,0.4,0.1,0.9,0
315,Ken Johnson,64,12.7,4.1,1.8,3.3,52.8,0,0,,0.6,1.3,43.5,1.4,2.4,3.8,0.3,0.2,0.3,0.9,0
316,Pete Williams,53,10.8,2.8,1.3,2.1,60.4,0,0,,0.3,0.8,42.5,0.9,1.9,2.8,0.3,0.4,0.4,0.4,0
317,Bill Martin,66,10.5,5,2.2,4.5,48,0,0.1,0,0.7,0.8,85.2,0.6,0.9,1.5,0.8,0.3,0.1,0.9,0
318,Tony Snell,77,16,4.5,1.7,4.4,38.4,0.7,2.3,32,0.4,0.5,75.6,0.2,1.4,1.6,0.9,0.4,0.2,0.6,0
319,Fred Cofield,45,10.4,3.7,1.7,4.1,40.8,0.1,0.3,20,0.3,0.4,60,0.1,0.9,1,1.8,0.4,0.1,1.1,0
320,Dwayne McClain,45,10.2,3.5,1.5,4,38.3,0,0.2,11.1,0.4,0.8,51.4,0.3,0.4,0.7,1.5,0.8,0.1,0.9,0
321,John Battle,64,10,4.3,1.6,3.5,45.5,0,0.1,0,1.2,1.6,72.8,0.2,0.8,1,1.2,0.4,0.1,0.7,1
322,Jerry Reynolds,55,9.2,3.7,1.3,2.9,44.4,0,0,50,1.1,1.9,55.8,0.7,0.8,1.5,1.6,0.8,0.3,0.9,1
323,Steve Harris,57,8.5,4.5,1.8,4.1,44.2,0,0.1,20,0.9,0.9,92.6,0.4,0.6,1,0.9,0.4,0.1,0.6,1
324,Lorenzo Charles,36,7.6,3.4,1.4,2.4,55.7,0,0,0,0.7,1,66.7,0.4,0.7,1.1,0.2,0.1,0.2,0.5,0
325,Sam Vincent,57,7.6,3.2,1,2.8,36.4,0,0.1,25,1.1,1.2,92.9,0.2,0.6,0.8,1.2,0.3,0.1,0.9,1
326,Blair Rasmussen,48,6.9,3.2,1.3,3.1,40.7,0,0,0,0.6,0.8,79.5,0.8,1.3,2,0.3,0.1,0.2,0.8,1
327,Phil Pressey,75,15.1,2.8,1,3.4,30.8,0.4,1.4,26.4,0.4,0.6,64.4,0.3,1.1,1.4,3.2,0.9,0.1,1.2,0
328,Michael Jordan*,82,38.3,28.2,10.2,19.8,51.5,0.1,0.6,17.3,7.7,9.1,84.5,2,4.5,6.5,5.9,2.4,0.8,3.5,1
329,Vern Fleming,80,31.1,14.1,5.4,11.5,47,0,0.1,0,3.3,4.2,76.7,1.9,2.2,4,3.1,1.2,0.1,2.5,1
330,Sam Bowie,76,29.2,10,3.9,7.3,53.7,0,0,0,2.1,3,71.1,2.7,5.9,8.6,2.8,0.7,2.7,2.3,1
331,Charles Barkley*,82,28.6,14,5.2,9.5,54.5,0,0.1,16.7,3.6,4.9,73.3,3.2,5.3,8.6,1.9,1.2,1,2.5,1
332,Sam Perkins,82,28.3,11,4.2,9,47.1,0.1,0.4,25,2.4,3,82,2.3,5.1,7.4,1.6,0.8,0.8,1.2,1
333,Jay Humphries,80,25.8,8.8,3.5,7.8,44.6,0.1,0.3,20,1.8,2.1,82.9,0.4,1.7,2.1,4.4,1.3,0.1,2.1,1
334,Melvin Turpin,79,24.7,10.6,4.6,9,51.1,0,0,,1.4,1.8,78.4,2,3.8,5.7,0.5,0.5,1.1,1.5,1
335,Otis Thorpe,82,23.4,12.8,5,8.4,60,0,0,0,2.8,4.5,62,2.3,4.5,6.8,1.4,0.4,0.5,2.3,1
336,Kevin Willis,82,21.8,9.3,3.9,8.4,46.7,0,0.1,22.2,1.5,2.2,65.7,2.2,4.2,6.4,0.4,0.4,0.6,1.3,1
337,Michael Cage,75,21.5,7.1,2.9,5.3,54.3,0,0,0,1.3,1.8,73.7,1.7,3.5,5.2,0.7,0.6,0.4,1.1,1
338,Alvin Robertson,79,21.3,9.2,3.8,7.6,49.8,0.1,0.1,36.4,1.6,2.1,73.4,,1.9,3.4,3.5,1.6,0.3,2.1,1
339,Tim McCormick,78,20.3,9.3,3.4,6.2,55.7,0,0,0,2.4,3.4,71.5,1.9,3.2,5.1,1,0.2,0.4,1.5,1
340,Charles Jones,78,20.1,8.4,3,5.8,52,0,0.1,0,2.3,3.6,64.8,1.8,3.3,5.1,1.6,0.6,0.8,1.8,1
341,Jeff Turner,72,19.8,5.8,2.4,5.2,45.4,0,0,0,1.1,1.3,85.9,,1.8,3,1.5,0.4,0.1,1.3,1
342,Tony Brown,82,19.3,6.6,2.6,5.7,46,0,0.1,0,1.4,2.1,67.8,1.8,1.7,3.5,1.9,0.7,0.1,1.4,1
343,Antoine Carr,62,19.3,8,3.2,6,52.8,0,0.1,33.3,1.6,2.1,78.9,1.3,2.5,3.7,1.3,0.5,1.3,1.7,1
344,Steve Colter,78,18.7,7.1,2.8,6.1,45.3,0.3,0.9,35.1,1.3,1.7,75.4,0.5,1.4,1.9,3.1,1,0.1,1.4,1
345,Ken Bannister,75,18.7,6.8,2.8,5.9,47,0,0,0,1.2,2.6,47.4,1.4,3,4.4,0.5,0.5,0.5,1.9,1
346,John Stockton*,82,18.2,5.6,1.9,4.1,47.1,0,0.1,18.2,1.7,2.4,73.6,0.3,1,1.3,5.1,1.3,0.1,1.8,1
347,Terence Stansbury,74,17.3,7.1,2.8,6.2,45.9,0.1,0.3,16,1.4,1.7,81,0.5,1,1.5,1.7,0.6,0.2,1.1,0
348,Othell Wilson,74,17,4.4,1.8,3.9,46,0,0.2,18.8,0.7,1,71.1,0.5,1.3,1.8,2.9,1,0.2,1.3,0
349,Eddie Lee Wilkins,54,17,5.5,2.1,4.3,49.8,0,0,0,1.2,2.3,54.1,,3.3,4.9,0.3,0.4,0.3,1.2,1
350,Chuck Aleksinas,74,15.1,5.1,2.2,4.6,47.8,0,0,0,0.7,1,73.3,1.2,2.5,3.6,0.5,0.2,0.2,1,0
351,Ron Anderson,36,14.4,5.8,2.3,5.4,43.1,0,0.1,50,1.1,1.4,82,1.1,1.4,2.4,0.9,0.3,0.2,0.9,1
352,Frank Brickowski,78,14.3,4.9,1.9,3.9,49.2,0,0.1,0,1.1,1.6,66.9,1,2.4,3.3,1.3,0.4,0.2,1.3,1
353,Ozell Jones,67,13.3,3.7,1.6,2.7,58.9,0,0,0,0.5,1.2,39.8,1,2.6,3.6,0.8,0.5,0.8,0.9,0
354,Devin Durrant,59,12.8,5.1,1.9,4.6,41.6,0,0.1,0,1.2,1.7,70.6,0.8,1.3,2.1,1.4,0.3,0.2,1.3,0
355,Jerome Kersey,77,12.4,6.1,2.3,4.8,47.8,0,0,0,1.5,2.4,64.6,1.2,1.4,2.7,0.8,0.6,0.4,0.9,1
356,Ron Cavenall,53,12.3,1.5,0.5,1.6,32.6,0,0,0,0.4,0.7,56.4,1,2.1,3.1,0.4,0.2,0.8,0.8,0
357,Jim Petersen,60,11.9,3.2,1.2,2.4,48.6,0,0,,0.8,1.1,75.8,0.7,1.7,2.5,0.5,0.2,0.5,1.2,1
358,Tony Campbell,56,11.2,5.6,2.3,4.7,49.6,0,0,0,1,1.3,80,,0.9,1.6,0.4,0.5,0.1,1.2,1
359,Lancaster Gordon,63,10.8,4.1,1.7,4.6,38.3,0,0.1,22.2,0.6,0.8,75.5,0.4,0.6,1,1.4,0.5,0.1,1.1,0
360,Gary Plummer,66,10.6,3.8,1.4,3.5,39.7,0,0.1,25,1,1.4,70.7,0.8,1.2,2,0.4,0.2,0.2,0.8,0
361,Kenny Fields,51,10.5,3.8,1.6,3.7,44,0,0,0,0.5,0.7,75,0.8,0.8,1.6,0.7,0.2,0.2,0.6,0
362,Cory Blackwell,60,9.2,3.4,1.5,4,36.7,0,0,0,0.5,0.9,50.9,0.7,0.9,1.6,0.4,0.4,0.1,0.7,0
363,Bernard Thompson,59,9.1,3.3,1.3,3.6,37.3,0,0.1,0,0.7,0.9,76.5,0.6,0.7,1.3,0.9,0.5,0.2,0.6,1
364,Peter Thibeaux,51,9,4.5,1.8,3.8,48.2,0,0,0,0.8,1.3,64.2,0.6,0.8,1.4,0.3,0.2,0.3,0.7,0
365,Steve Burtt,47,8.9,4.2,1.5,4,38.3,0,0,0,1.1,1.6,68.8,0.2,0.4,0.6,0.4,0.5,0.1,0.7,0
366,Leon Wood,38,7.1,3.2,1.3,3.5,37.3,0.1,0.8,13.3,0.5,0.7,69.2,,0.4,0.5,1.2,0.2,0,0.7,1
367,Charlie Sitton,43,7.1,2.1,0.9,2.2,41.5,0,0,0,0.3,0.6,52,0.6,0.8,1.4,0.6,0.2,0.1,0.4,0
368,Tom Scheffler,39,6.9,1.3,0.5,1.3,41.2,0,0,,0.3,0.5,50,0.5,1.5,1.9,0.3,0.2,0.3,0.4,0
369,Willie White,39,6,3.3,1.3,3.2,41.9,0.1,0.3,36.4,0.5,0.8,67.7,0.4,0.5,0.9,0.7,0.1,0.1,0.8,0
370,Rick Carlisle,38,4.7,1.8,0.7,1.8,38.8,0,0.1,0,0.4,0.4,88.2,0.2,0.3,0.6,0.7,0.1,0,0.5,1
371,Ralph Sampson*,82,32.8,21,8.7,16.7,52.3,0,0,25,3.5,5.3,66.1,3.6,7.6,11.1,2,0.8,2.4,3.6,1
372,Steve Stipanovich,81,30,12,4.8,10.1,48,0,0.2,18.8,2.3,3,75.3,1.4,5.5,6.9,2.1,0.9,0.8,2,1
373,Ennis Whatley,80,27,8.4,3.3,7,46.9,0,0,0,1.8,2.5,73,0.8,1.7,2.5,8.3,1.5,0.2,3.4,1
374,Rodney McCray,79,26.3,10.8,4.2,8.5,49.9,0,0.1,25,2.3,3.2,73.1,2.2,3.5,5.7,2.2,0.7,0.7,1.5,1
375,Anthony Bonner,52,12.8,4.2,1.5,4.3,35.6,0.3,1,24.5,0.8,1.3,63.8,0.9,2,3,0.3,0.4,0.1,0.9,1
376,Mitchell Wiggins,82,25.9,12.4,4.9,10.9,44.8,0.1,0.4,24.1,2.6,3.5,74.2,1.7,2.3,4,2.3,1.3,0.1,1.7,1
377,Thurl Bailey,81,24.8,8.5,3.7,7.3,51.2,0,0,0,1.1,1.4,75.2,1.4,4.3,5.7,1.6,0.5,1.5,1.3,1
378,Jeff Malone,81,24.4,12.1,5,11.3,44.4,0.3,0.9,32.4,1.8,2.1,82.6,0.7,1.2,1.9,,0.3,0.2,1.4,1
379,Doc Rivers,81,23.9,9.3,3.1,6.7,46.2,0,0.1,16.7,3.1,4,78.5,0.9,1.8,2.7,3.9,1.6,0.4,2.1,1
380,Roy Hinson,80,23.2,5.5,2.3,4.6,49.6,0,0,0,0.9,1.5,59,2.2,4.1,6.2,0.9,0.4,1.8,1.4,1
381,Byron Scott,74,22.1,10.6,4.5,9.3,48.4,0.1,0.5,23.5,1.5,1.9,80.6,0.7,1.5,2.2,2.4,1.1,0.3,1.6,1
382,Paul Thompson,82,21.1,9,3.8,8.1,46.7,0.1,0.5,23.1,1.4,1.8,77.2,1.5,2.3,3.8,1.5,0.8,0.5,0.9,0
383,Derek Harper,82,20.9,5.7,2.4,5.5,44.3,0,0.3,11.5,0.8,1.2,67.3,0.6,1.5,2.1,2.9,1.2,0.3,1.4,1
384,Fred Roberts,79,19.4,7.3,2.7,5.1,53.6,0,0.1,25,1.8,2.2,83.7,1.3,,3.8,1.2,0.7,0.5,1.3,1
385,Rod Foster,80,17.8,8.3,3.3,7.3,44.8,0.3,1.1,26.2,1.5,1.9,78.7,0.5,1,1.5,2.2,0.7,0.1,1.4,0
386,Dewayne Dedmon,31,12.6,3.1,1.2,2.7,45.8,0,0,0,0.7,1,65.6,1.2,2.9,4.1,0.2,0.2,0.7,0.6,0
387,Jon Sundvold,73,17.6,6.9,3,6.7,44.5,0.1,0.5,24.3,0.9,1,88.9,0.3,0.9,1.2,3.3,0.4,0,1.1,1
388,Clyde Drexler*,82,17.2,7.7,3.1,6.8,45.1,0,0,25,1.5,2.1,72.8,1.4,1.5,2.9,1.9,1.3,0.3,1.5,1
389,Jim Thomas,72,16.9,6.3,2.6,5.6,46.4,0,0.2,9.1,1.1,1.5,72.7,0.8,1.3,2.1,1.8,0.8,0.1,1,0
390,Darrell Walker,82,16.1,7.9,2.6,6.3,41.7,0,0.2,26.7,2.5,3.2,79.1,0.9,1.1,2,3.5,1.6,0.2,2.4,1
391,Sidney Lowe,78,15.9,4.2,1.4,3.3,41.3,0,0.2,11.1,1.4,1.8,77.7,0.4,1.2,1.6,3.4,1.2,0.1,1.4,0
392,Dale Ellis,67,15.8,8.2,3.4,7.4,45.6,0.2,0.4,41.4,1.3,1.8,71.9,1.6,2.1,3.7,0.8,0.6,0.1,1.2,1
393,Darren Daye,75,15.7,6.1,2.4,5.4,44.1,0,0.1,0,1.3,1.8,71.4,1.2,1.3,2.5,2.3,0.5,0.2,1.3,1
394,Randy Wittman,78,13.7,4.5,2.1,4.1,50.3,0,0.1,40,0.4,0.6,60.9,0.2,0.7,0.9,0.9,0.2,0,0.4,1
395,Sidney Green,49,13.6,5.2,2,4.7,43.9,0,0,0,1.1,1.6,71.4,1.2,2.4,3.6,0.5,0.4,0.3,1.2,1
396,Granville Waiters,78,13.3,3.6,1.6,3.1,51.7,0,0,0,0.4,0.7,60.8,0.8,2.1,2.9,0.8,0.3,1.1,0.8,1
397,C.J. McCollum,38,12.5,5.3,1.9,4.7,41.6,0.8,2.1,37.5,0.6,0.9,67.6,0.2,1.1,1.3,0.7,0.4,0.1,0.9,0
398,Howard Carter,55,12.5,6.2,2.6,5.7,45.9,0.1,0.3,26.3,0.9,1.1,77,0.7,0.9,1.6,1.3,0.3,0.1,0.8,0
399,Dane Suttle,40,11.7,6.5,2.7,5.4,50.9,0,0.1,0,1,1.2,85.1,0.5,0.6,1.2,1.2,0.5,0,0.8,0
400,Scooter McCray,47,11.1,2.7,1,2.6,38.8,0,0,0,0.7,1.1,70,1,1.5,2.4,0.9,0.2,0.4,0.7,0
401,Sedale Threatt,45,10.3,3.3,1.4,3.3,41.9,0,0.2,12.5,0.5,0.6,82.1,0.4,0.5,0.9,0.9,0.3,0,0.7,1
402,John Paxson,49,9.3,2.9,1.2,2.8,44.5,0.1,0.4,18.2,0.3,0.5,61.5,0.1,0.6,0.7,3,0.2,0,0.7,1
403,Leroy Combs,48,9.3,4.5,1.7,3.4,49.7,0,0.1,0,1.2,1.9,61.5,0.4,0.8,1.2,0.8,0.5,0.4,1,0
404,Larry Micheaux,39,8.5,3.1,1.3,2.3,54.4,0,0,0,0.5,1,53.8,1,1.9,2.9,0.5,0.5,0.3,0.5,0
405,Randy Breuer,57,8.3,2.9,1.2,3.1,38.4,0,0,0,0.6,0.8,69.6,0.8,1.1,1.9,0.3,0.2,0.7,0.6,1
406,Pace Mannion,57,8.2,2.1,0.9,2.2,39.7,0.1,0.2,23.1,0.3,0.4,78.3,0.4,0.6,1,0.8,0.4,0,0.4,1
407,Kris Dunn,33,16.9,4.1,1.5,4.1,37.3,0.3,0.9,29,0.8,1.2,62.5,0.4,1.9,2.2,2.4,1,0.3,1.2,0
408,Robbie Hummel,53,12.4,3.4,1.3,3.3,37.9,0.6,1.7,36,0.3,0.3,93.8,0.7,1.8,2.5,0.4,0.3,0,0.2,0
409,Bruce Kuczenski,15,7.9,1.9,0.7,2.5,27,0,0,0,0.5,0.8,66.7,0.5,1.1,1.5,0.5,0.1,0.1,1,0
410,Russell Cross,45,7.9,3.7,1.4,2.5,57.1,0,0,0,0.8,2,41.8,0.8,1,1.8,0.5,0.3,0.2,0.4,0
411,Bob Hansen,55,7.6,2.7,1.2,2.6,44.8,0,0.1,0,0.3,0.5,64.3,0.2,0.6,0.9,0.8,0.3,0.1,0.6,1
412,Greg Kite,35,5.6,1.9,0.9,1.9,45.5,0,0,0,0.1,0.5,31.3,0.8,1,1.8,0.2,0,0.1,0.6,1
413,Terry Cummings,70,36.2,23.7,9.8,18.7,52.3,0,0,0,4.2,5.9,70.9,4.3,6.3,10.6,2.5,1.8,0.9,2.9,1
414,Clark Kellogg,81,34.1,20.1,8.4,17.5,47.9,0,0.2,22.2,3.2,4.3,74.1,4.2,6.4,10.6,2.8,1.7,0.5,2.7,1
415,Quintin Dailey,76,27.4,15.1,6.2,13.3,46.6,0.1,0.3,20,2.7,3.7,73,1.1,2.3,3.4,3.7,0.9,0.1,2.7,1
416,Rod Higgins,82,26.8,10.3,3.8,8.5,44.8,0.2,0.5,31.7,2.5,3.2,79.2,1.9,2.5,4.5,2.1,0.8,0.8,1.6,1
417,Craig Hodges,76,26.6,9.9,4.2,9.3,45.2,0.3,1.2,22.2,1.2,1.7,72.3,0.7,0.9,1.6,3.6,1.1,0.1,2.1,1
418,Jeff Withey,58,11.8,3.3,1.2,2.2,53.5,0,0,0,0.9,1.3,71.2,0.8,1.7,2.6,0.4,0.3,0.9,0.3,0
419,James Worthy*,77,25.6,13.4,5.8,10,57.9,0,0.1,25,1.8,2.9,62.4,2,3.1,5.2,1.7,1.2,0.8,2.3,1
420,Trent Tucker,78,23.5,8.4,3.8,8.3,46.2,0.2,0.4,46.7,0.6,0.8,67.2,1,1.8,2.8,2.5,0.7,0.1,0.9,1
421,Terry Teagle,73,23.4,10.4,4.5,10.6,42.8,0.1,0.4,34.5,1.2,1.7,69.6,1,1.6,2.7,2.1,0.7,0.3,1.9,1
422,Marc Iavaroni,80,20.2,5.1,2,4.4,46.2,0,0,0,1,1.4,69,1.5,2.7,4.1,1,0.4,0.6,1.7,1
423,Ed Nealy,82,20,4.4,1.8,3,59.5,0,0,0,0.9,1.4,61.4,2.1,3.8,5.9,0.8,0.8,0.1,0.6,1
424,Rob Williams,74,19.5,7,2.6,6.3,40.8,0,0.2,13.3,1.8,2.4,75.3,0.5,1.3,1.8,4.9,1.2,0.2,2.5,0
425,Jerry Eaves,82,19.4,9.3,3.4,7,48.7,0,0.1,12.5,2.4,3,81,0.4,1.1,1.5,2.6,0.6,0,1.9,0
426,Paul Pressey,79,19.3,6.7,2.7,5.9,45.7,0,0.1,11.1,1.3,2.2,59.7,1.1,2.5,3.6,2.6,1.3,0.6,2,1
427,Brandon Davies,51,11.3,2.8,1.1,2.5,42.2,0,0.2,20,0.7,1,64.2,0.7,1.4,2.1,0.5,0.5,0.2,0.7,0
428,Lester Conner,75,18.9,4.9,1.9,4,47.9,0,0.1,0,1.1,1.5,69.9,0.9,2,2.9,3.4,1.6,0.1,1.3,1
429,Mark Eaton,81,18.9,4.3,1.8,4.4,41.4,0,0,0,0.7,1.1,65.6,1.1,4.6,5.7,1.4,0.3,3.4,1.7,1
430,Bill Garnett,75,18.8,6.3,2.3,4.3,53.3,0,0,0,1.7,2.3,74.1,1.9,3.5,5.4,1.4,0.6,0.9,1.1,0
431,Jeff Taylor,44,17.6,3.6,1.5,3.6,40,0,0,0,0.7,1,65.2,0.6,1.2,1.8,2.5,0.9,0.3,1.4,0
432,Bryan Warrick,43,16.9,4,1.5,4,38,0,0.1,0,1,1.3,73.7,0.3,1.3,1.6,2.9,0.5,0.2,1.6,0
433,Sleepy Floyd,76,16.4,8.1,3,6.9,42.9,0.1,0.3,40,2,2.4,83.3,0.7,1.1,1.8,1.8,0.8,0.2,1.4,1
434,Richard Anderson,78,16.3,5.2,2.2,5.5,40.4,0.1,0.2,36.8,0.6,0.9,69.6,1.4,2.1,3.5,1.5,0.7,0.3,1.2,1
435,Russ Schoene,77,15.9,6.2,2.7,5.6,47.6,0,0.1,25,0.8,1.1,73.5,1.2,2.1,3.3,0.8,0.3,0.3,1.1,0
436,John Bagley,68,14.6,5.7,2.4,5.5,43.2,0,0.2,0,0.9,1.2,76.2,0.3,1.2,1.4,2.5,0.8,0.1,1.7,1
437,Archie Goodwin,52,10.3,3.7,1.5,3.2,45.5,0.1,0.7,13.9,0.7,1.1,67.3,0.5,1.2,1.7,0.4,0.4,0.2,0.8,0
438,Cliff Levingston,62,14.2,5.6,2.1,4.4,48.5,0,0,0,1.4,2.4,57.1,1.7,2.1,3.7,0.8,0.4,0.6,1.2,1
439,LaSalle Thompson,71,13.9,5.4,2.1,4,51.2,0,0,0,1.3,1.9,65,1.9,3.4,5.3,0.5,0.6,0.9,1.4,1
440,Bruce Flowers,53,13.2,4.9,2.1,3.9,53.4,0,0,0,0.8,1,77.4,1.3,2.1,3.4,0.9,0.4,0.2,0.8,0
441,Corny Thompson,44,11.8,2.8,1,3.1,31.4,0,0,0,0.8,1,78.3,0.9,1.8,2.7,0.8,0.3,0.2,0.7,0
442,Walker Russell,68,11.1,2.7,1,2.7,36.4,0,0.3,11.1,0.7,0.9,81,0.3,0.8,1.1,1.9,0.2,0,1.4,0
443,David Thirdkill,49,10.6,4,1.5,3.5,43.5,0,0.1,14.3,0.9,1.6,57.7,0.6,0.9,1.5,0.7,0.4,0.1,1,1
444,Dave Batton,54,10.3,3.3,1.6,3.5,44.5,0,0.1,0,0.1,0.3,47.1,0.8,1.4,2.2,0.5,0.3,0.2,0.5,0
445,Darren Tillis,52,10.1,3.2,1.5,3.5,42,0,0,0,0.3,0.5,57.1,0.8,1.7,2.5,0.3,0.1,0.6,0.4,0
446,Brook Steppe,62,9.8,4,1.4,2.8,47.7,0,0.1,14.3,1.2,1.6,76,0.4,0.8,1.2,1.1,0.4,0.1,0.9,1
447,Rory White,65,9.6,5,2,3.6,54.3,0,0,0,1.1,1.7,64.2,0.7,0.9,1.6,0.5,0.3,0,0.8,1
448,Andre Roberson,40,10,1.9,0.8,1.7,48.5,0.1,0.3,15.4,0.2,0.3,70,0.9,1.5,2.4,0.4,0.5,0.3,0.5,0
449,Linton Townes,55,9.4,4.5,1.9,4.3,44.9,0.2,0.5,36,0.5,0.7,73.7,0.5,0.6,1.2,0.6,0.3,0.1,0.6,0
450,Eddie Phillips,48,8.7,3.2,1.2,2.9,40.6,0,0,0,0.8,1.2,67.8,0.6,1,1.6,0.6,0.3,0.2,1,0
451,Jim Johnstone,23,8.3,1.3,0.5,1.3,36.7,0,0,0,0.4,0.9,45,0.7,1.3,2,0.5,0.1,0.3,0.7,0
452,Jose Slaughter,63,8.2,3.6,1.4,3.8,37.4,0.1,0.7,22,0.6,0.9,64.4,0.5,0.5,1.1,0.8,0.6,0.1,0.7,0
453,Rickey Williams,44,7.9,3.3,1.3,3.1,41.5,0,0.1,0,0.8,1.2,66,0.3,0.5,0.9,0.8,0.5,0.1,0.9,0
454,Chris Engler,54,6.8,1.5,0.7,1.7,40.4,0,0,0,0.1,0.3,31.3,0.8,1.1,1.9,0.2,0.1,0.3,0.4,1
455,Ricky Pierce,39,6.8,2.2,0.8,2.3,37.5,0,0.2,14.3,0.5,0.8,56.3,0.4,0.5,0.9,0.4,0.2,0.1,0.5,1
456,Mark McNamara,36,5.1,2.2,0.8,1.8,45.3,0,0,0,0.6,1.3,44.4,0.9,1.2,2.1,0.2,0.1,0.1,1,1
457,Scott Hastings,31,4.5,1.2,0.4,1.2,34.2,0,0.1,0,0.4,0.6,55,0.5,0.8,1.3,0.1,0.2,0,0.3,1
458,Oliver Robinson,35,4.2,2.9,1,2.8,36.1,0,0.3,9.1,0.9,1.3,66.7,0.2,0.3,0.5,0.6,0.1,0.1,0.4,0
459,Kelly Tripucka,82,37.5,21.6,7.8,15.6,49.6,0.1,0.3,22.7,6,7.6,79.7,2.7,2.7,5.4,3.3,1.1,0.2,3.4,1
460,Buck Williams,82,34.5,15.5,6.3,10.7,58.2,0,0,0,3,4.7,62.4,4.2,8,12.3,1.3,1,1,2.9,1
461,Isiah Thomas*,72,33.8,17,6.3,14.8,42.4,0.2,0.8,28.8,4.2,6,70.4,0.8,2.1,2.9,7.8,2.1,0.2,4.2,1
462,Tom Chambers,81,33.1,17.2,6.8,13,52.5,0,0,0,3.5,5.7,62,2.6,4.3,6.9,1.8,0.7,0.6,2.7,1
463,Jay Vincent,81,32.4,21.4,8.9,17.9,49.7,0,0,25,3.6,5,71.6,2.2,4.7,7,2.2,1.1,0.3,2.4,1
464,Mark Aguirre,51,28.8,18.7,7.5,16.1,46.5,0.5,1.4,35.2,3.3,4.8,68,1.7,3.1,4.9,3.2,0.7,0.4,2.6,1
465,Herb Williams,82,27.8,11.5,5,10.4,47.7,0,0.1,28.6,1.5,2.3,67,2.1,5.2,7.4,1.7,0.7,2.2,1.7,1
466,Jeff Ruland,82,27,14.4,5.1,9.1,56.1,0,0,33.3,4.2,5.5,75.2,3.1,6.2,9.3,1.6,0.5,0.7,2.9,1
467,Frank Johnson,79,25.7,10.7,4.3,10.3,41.4,0.2,1,21.5,1.9,2.6,75,0.4,1.4,1.9,4.8,1,0.1,2,1
468,Elston Turner,80,25,8.3,3.5,8,44.1,0,0.1,0,1.2,1.7,70.3,1.8,2,3.8,2.4,0.9,0,1.4,1
469,Steve Johnson,78,22.3,12.8,5.1,8.3,61.3,0,0,0,2.7,4.2,64.2,1.9,3.9,5.9,1.2,0.5,1.1,2.5,1
470,Albert King,76,22.3,12.1,5.1,10.7,48.2,0,0.2,23.1,1.8,2.3,77.8,1.4,2.7,4.1,1.9,0.8,0.5,2.4,1
471,Gene Banks,80,21.3,9.6,3.9,8.2,47.7,0,0.1,0,1.8,2.7,68.4,2,3.2,5.1,1.8,0.7,0.2,1.3,1
472,Eddie Johnson,74,20.5,9.3,4,8.7,45.9,0,0.1,9.1,1.3,2,66.4,1.7,2.6,4.4,1.5,0.7,0.2,1.3,1
473,Danny Schayes,82,19.8,7.9,3.1,6.4,48.1,0,0,0,1.7,2.3,75.7,1.6,3.6,5.2,1.8,0.6,0.9,1.8,1
474,Rudy Macklin,79,19.2,7,2.7,6.1,43.4,0,0,0,1.7,2.2,77.5,1.4,1.9,3.3,0.6,0.5,0.3,1.4,0
475,Sam Williams,59,18.2,6.1,2.6,4.7,55.6,0,0,,0.8,1.5,55.1,1.5,3.7,5.2,0.6,0.8,1.3,1.1,0
476,Kurt Rambis,64,17.7,4.6,1.8,3.6,51.8,0,0,0,0.9,1.8,50.4,1.8,3.6,5.4,0.9,0.9,1.2,1.2,1
477,Kurt Nimphius,63,17.2,5.3,2.2,4.7,46.1,0,0,,1,1.7,58.3,1.5,3.2,4.7,1,0.3,1.3,0.9,1
478,Pete Verhoeven,71,17,4.9,2.1,4.2,50.3,0,0,,0.7,1,70.8,1.5,2.1,3.6,0.7,0.6,0.3,0.8,1
479,Darnell Valentine,82,16.9,6.4,2.3,5.5,41.3,0,0.1,0,1.9,2.4,76,0.6,1.2,1.8,3.3,1.1,0,1.6,1
480,Jim Brogan,63,16.3,6.3,2.6,5.8,45.3,0.1,0.5,28.1,1,1.3,72.6,1,0.9,1.9,2.5,0.8,0.2,1.3,0
481,John Douglas,64,16.1,7,2.8,6.1,46.5,0.3,0.9,30.5,1,1.6,65.7,0.4,1,1.4,2.3,0.8,0.1,1.4,0
482,Kevin Loder,71,16,6.9,2.9,6.3,46.4,0,0.2,0,1.1,1.5,72,1,1.8,2.7,1.2,0.5,0.4,1,0
483,Orlando Woolridge,75,15.8,7.3,2.7,5.3,51.3,0,0,0,1.9,2.7,69.9,1.1,1.9,3,1.1,0.3,0.3,1.4,1
484,Alton Lister,80,14.8,4.5,1.9,3.6,51.9,0,0,0,0.8,1.5,52,1.4,3.5,4.8,1.1,0.2,1.5,1.6,1
485,Larry Nance,80,14.8,6.6,2.8,5.5,52.1,0,0,0,0.9,1.5,64.1,1.2,2,3.2,1,0.5,0.9,1.3,1
486,Danny Vranes,77,14,4.9,1.9,3.4,54.6,0,0,0,1.2,1.9,60.1,0.9,1.6,2.6,0.7,0.4,0.3,0.9,1
487,Ed Rains,49,13,3.9,1.6,3.6,43.5,0,0,0,0.8,1.3,59.4,0.8,0.9,1.6,0.8,0.4,0,0.5,0
488,Peyton Siva,24,9.3,2.3,0.8,2.4,31.6,0.3,1,28,0.5,0.6,73.3,0.1,0.5,0.6,1.4,0.4,0,0.8,0
489,Jim Smith,72,11.9,2.9,1.2,2.3,50.9,0,0,,0.5,1.2,45.9,1,1.5,2.5,0.6,0.3,0.7,0.7,0
490,Jeff Lamp,54,11.4,4.6,1.9,3.6,51,0,0,0,0.9,1.1,82,0.4,0.7,1.2,0.5,0.3,0,0.8,1
491,Ray Blume,49,11.1,4.6,2.1,4.5,45.9,0.1,0.4,22.2,0.4,0.6,64.3,0.3,0.6,0.8,1.4,0.5,0,1.1,0
492,Garry Witts,46,10.7,2.9,1.1,1.8,58.3,0,0,50,0.7,0.9,82.5,0.6,0.7,1.3,0.8,0.4,0.1,0.8,0
493,Charlie Davis,54,10.6,3.8,1.6,3.4,47.8,0,0,0,0.6,0.7,81.1,1,1.5,2.5,0.6,0.2,0.2,0.8,0
494,Danny Ainge,53,10.6,4.1,1.5,4.2,35.7,0.1,0.3,29.4,1.1,1.2,86.2,0.5,0.6,1.1,1.6,0.7,0.1,1,1
495,Mike McGee,39,9,4.9,2.1,4.4,46.5,0,0.1,0,0.8,1.4,58.5,0.9,0.4,1.3,0.4,0.5,0.1,0.9,1
496,Mark Radford,43,8.6,3.4,1.3,2.3,54,0,0.1,66.7,0.8,1.6,50.7,0.3,0.4,0.7,1.3,0.4,0.1,1,0
497,Alex Bradley,39,8.5,3.5,1.4,2.6,52.4,0,0,0,0.7,1.2,60.4,0.8,0.9,1.7,0.3,0.3,0.1,0.7,0
498,Reggie Bullock,43,9.2,2.7,1,2.8,35.5,0.5,1.7,30.1,0.2,0.2,77.8,0.3,1,1.3,0.3,0.2,0,0.3,0
499,Howard Wood,42,8.1,3.4,1.3,2.9,45.8,0,0,0,0.8,1.2,65.4,0.5,1,1.5,0.2,0.2,0.1,0.4,0
500,Franklin Edwards,42,6.9,3.6,1.5,3.6,43.3,0,0.2,0,0.5,0.6,74.1,0.2,0.4,0.6,1.1,0.4,0.1,0.6,1
501,Bobby Cattage,49,6.9,3.1,1.2,2.8,44.4,0,0,0,0.6,0.8,73.2,0.4,1,1.5,0.1,0.1,0,0.4,0
502,Charles Bradley,51,6.6,3,1.1,2.4,45.1,0,0,0,0.8,1.2,67.7,0.2,0.5,0.7,0.4,0.3,0.1,0.7,0
503,Kevin McKenna,36,6.6,1.9,0.8,2.4,32.2,0,0.1,0,0.3,0.5,64.7,0.5,0.3,0.8,0.4,0.3,0.1,0.6,1
504,Joe Barry Carroll,82,35.6,18.9,7.5,15.3,49.1,0,0,0,3.8,5.4,71.6,3.3,5.9,9.3,1.4,0.6,1.5,3,1
505,Darrell Griffith,81,35.4,20.6,8.8,19.1,46.4,0.1,0.6,19.2,2.8,4,71.6,1,2.6,3.6,2.4,1.3,0.5,2.9,1
506,Larry Smith,82,31.4,9.6,3.7,7.2,51.2,0,0,0,2.2,3.7,58.8,,6.8,12.1,1.1,0.8,0.8,1.8,1
507,Mike O'Koren,79,31.3,11,4.6,9.5,48.6,0.1,0.2,27.8,1.7,2.7,63.7,2.3,3.8,6.1,3.2,1.1,0.3,1.9,1
508,Kelvin Ransey,80,30.4,15.2,6.6,14.5,45.2,0,0.4,9.7,2.1,2.7,74.9,0.5,1.9,2.4,6.9,1.1,0.1,2.9,1
509,Malcolm Delaney,33,16.4,5.3,2,5.3,37.1,0.2,1.4,17.4,1.1,1.3,86,0.2,1.5,1.6,2.8,0.4,0,1.5,0
510,Otto Porter,37,8.6,2.1,0.9,2.5,36.3,0.1,0.6,19,0.2,0.3,66.7,,1,1.5,0.3,0.2,0,0.4,0
511,Bill Laimbeer,81,30.4,9.8,4.2,8.3,50.3,0,0,0,1.4,1.9,76.5,3.3,5.3,8.6,2.7,0.7,1,1.6,1
512,Michael Brooks,82,30.2,14.7,6,12.4,47.9,0,0.1,0,2.8,3.9,70.6,2.6,2.8,5.4,2.5,1.2,0.4,2,1
513,Mike Gminski,56,28.2,13.2,5.2,12.3,42.3,0,0,0,2.8,3.6,76.7,2.4,5,7.5,1.3,1,1.8,2.3,1
514,Darwin Cook,81,24.4,11.2,4.7,10.1,46.8,0.1,0.3,24,1.6,2.2,73.3,1.2,1.7,2.9,3.7,1.7,0.4,2.2,1
515,Andrew Toney,75,23.6,12.9,5.3,10.7,49.5,0.1,0.4,31,2.1,3,71.2,0.4,1.5,1.9,3.6,0.8,0.1,2.9,1
516,Cedrick Hordges,68,23.5,8.4,3.3,7.1,46,0,0,0,1.9,2.7,69.9,1.8,5,6.7,1.5,0.5,0.3,1.8,0
517,Calvin Garrett,70,23.4,6.1,2.7,5.9,45.3,0,0,33.3,0.7,0.9,80.6,,2.6,3.8,1.9,0.7,0.1,1.3,0
518,Don Collins,81,22.8,11.5,4.4,10,44.4,0,0.1,0,2.6,3.4,77.6,1.6,1.7,3.3,2.3,1.3,0.3,2.1,1
519,Louis Orr,82,21.8,10.5,4.2,8.6,49.1,0,0.1,0,2,2.5,80.7,2.1,2.3,4.4,1.6,0.7,0.3,1.5,1
520,Reggie Johnson,79,21.7,10.2,4.3,8.6,49.9,0,0,0,1.6,2.4,66.3,1.7,2.9,4.5,1,0.6,0.6,1.6,0
521,Larry Drew,76,20.8,6.6,2.6,6.4,40.7,0.1,0.2,23.5,1.4,1.8,79.7,0.3,1.3,1.6,3.3,1.2,0.1,2.2,1
522,Kevin McHale*,82,20.1,10,4.3,8.1,53.3,0,0,0,1.3,1.9,67.9,,2.5,4.4,0.7,0.3,1.8,1.3,1
523,Lowes Moore,71,19.8,7,3,6.7,44.4,0.1,0.4,14.8,1,1.3,75,0.6,1.8,2.4,3.2,0.9,0.2,1.5,0
524,Wayne Robinson,81,19.7,7.9,2.9,6.3,46,0,0.1,0,2.2,3,72.9,1.4,2.2,3.6,1.4,0.6,0.3,1.8,0
525,Johnny Moore,82,19.2,7.4,3,6.3,47.9,0,0.2,5.3,1.3,2.1,61,0.7,1.7,2.4,4.5,1.5,0.3,1.9,1
526,Jeff Wilkins,56,18.9,4.7,2.1,4.6,45,0,0,,0.5,0.7,67.5,1.1,3.8,4.9,0.7,0.6,0.8,1.1,1
527,Kyle Macy,82,17.9,8.1,3.3,6.5,51.1,0.1,0.6,23.5,1.3,1.5,89.9,0.5,1.1,1.6,2,0.9,0.1,1.2,1
528,Bill Hanzlik,74,17,5.4,1.9,3.9,47.8,0,0.1,20,1.6,2,79.3,0.9,1.2,2.1,1.5,0.8,0.3,1.1,1
529,Solomon Hill,28,8.1,1.7,0.6,1.4,42.5,0.3,0.8,30.4,0.2,0.3,85.7,0.3,1.1,1.5,0.4,0.2,0.1,0.5,0
530,Edgar Jones,60,15.8,8.7,3.2,6,52.9,0,0.1,0,2.4,3.6,67,1.5,2.9,4.4,0.7,0.6,1.4,1.7,1
531,Sam Worthen,64,14.8,3.7,1.5,3,49.5,0,0.1,0,0.7,0.9,75,0.3,1.5,1.8,1.8,0.9,0.1,1.4,0
532,James Johnson,68,14.4,5.3,1.9,3.5,54.2,0,0,0,1.5,2.5,59.4,1.6,3,4.5,0.6,0.1,1.1,1,1
533,Lorenzo Romar,53,13.7,4.1,1.6,4,41.2,0,0.1,33.3,0.8,1.2,68.3,0.2,0.9,1.1,2.6,0.5,0.1,1,1
534,Rick Mahorn,52,13.4,4.8,2.1,4.2,50.7,0,0,0,0.5,0.8,67.5,1.3,2.8,4.1,0.5,0.4,0.8,0.7,1
535,Rickey Brown,45,12.9,4,1.8,3.6,51.2,0,0,0,0.4,0.5,76.2,1.2,2.5,3.7,0.5,0.2,0.3,0.7,1
536,Butch Carter,54,12.4,5.6,2.1,4.6,46.2,0.1,0.2,30,1.3,1.8,73.7,0.6,0.6,1.2,1,0.4,0,0.9,1
537,Mike Woodson,81,11.7,4.7,2,4.6,44.2,0,0.1,20,0.6,0.8,76.6,0.4,0.8,1.2,0.9,0.4,0.1,0.7,1
538,John Duren,40,11.5,1.8,0.8,2.5,32.7,0,0,0,0.1,0.2,55.6,0.2,0.7,0.9,1.4,0.5,0.1,0.9,0
539,James Wilkes,48,11.3,4.1,1.8,3.8,46.2,0,0,0,0.6,0.9,69,0.8,1.3,2,0.6,0.5,0.3,0.7,0
540,Shabazz Muhammad,37,7.8,3.9,1.5,3.4,46,0.1,0.3,27.3,0.7,1.1,65,0.6,0.8,1.4,0.2,0.2,0,0.4,0
541,DeWayne Scales,44,11,4.9,2.1,5.1,41.8,0,0.1,16.7,0.6,0.9,66.7,1.1,1.9,3,0.2,0.3,0.1,0.7,0
542,Craig Shelton,55,10.7,4.3,1.8,4,45.7,0,0,0,0.6,1.1,60.3,1.1,1.4,2.5,0.5,0.3,0.1,1.1,0
543,Earl Cureton,52,10.2,4.2,1.8,3.9,45.4,0,0,0,0.6,1.2,51.6,1,2,3,0.5,0.4,0.4,0.6,1
544,Billy Reid,59,10.1,3.2,1.4,3.1,45.4,0,0.1,0,0.4,0.7,56.4,0.5,0.6,1,1.2,0.6,0.1,1.3,0
545,Jerry Sichting,47,9.6,2,0.7,2,35.8,0,0.1,0,0.5,0.7,78.1,0.2,0.7,0.9,1.5,0.5,0,0.6,1
546,Reggie Carter,60,8.9,2.8,1,3,33,0,0.1,0,0.9,1.2,73.9,0.5,0.7,1.2,1.3,0.4,0,0.6,0
547,Mike Harper,55,8.4,2.7,1,2.5,41.2,0,0.1,0,0.7,1.5,43.5,0.5,1.2,1.7,0.3,0.4,0.4,0.6,0
548,Mike Niles,44,5.3,2.6,1.1,3.1,34.8,0,0.1,50,0.4,0.8,45.9,0.6,0.7,1.3,0.3,0.2,0,0.6,0
549,Toure' Murry,51,7.3,2.7,1.1,2.5,43.4,0.1,0.2,41.7,0.5,0.8,59,0.3,0.6,0.9,1,0.4,0,0.7,0
550,Dionte Christmas,31,6.4,2.3,0.7,2,35.5,0.3,1,29,0.6,0.8,75,0.4,0.8,1.2,0.3,0.1,0.1,0.2,0
551,Damian Lillard,82,38.6,19,6.7,15.7,42.9,2.3,6.1,36.8,3.3,3.9,84.4,0.5,2.6,3.1,6.5,0.9,0.2,3,1
552,Bradley Beal,56,31.2,13.9,5,12.3,41,1.6,4.2,38.6,2.2,2.8,78.6,0.8,3,3.8,2.4,0.9,0.5,1.6,1
553,Semaj Christon,33,15.6,3,1.3,4,31.8,0.2,1.1,16.7,0.3,0.5,52.9,0.4,1,1.4,2.5,0.4,0.1,0.7,0
554,Anthony Davis,64,28.8,13.5,5.5,10.6,51.6,0,0.1,0,2.6,3.5,75.1,2.6,5.6,8.2,1,1.2,1.8,1.4,1
555,Dion Waiters,61,28.8,14.7,5.5,13.4,41.2,1,3.3,31,2.6,3.5,74.6,0.4,2.1,2.4,3,1,0.3,2,1
556,Kyle Singler,82,28,8.8,3.4,7.8,42.8,0.9,2.4,35,1.2,1.5,80.6,1.3,2.7,4,0.9,0.7,0.5,1.2,1
557,Tyler Zeller,77,26.4,7.9,3.2,7.3,43.8,0,0.1,0,1.6,2,76.4,2.1,3.6,5.7,1.2,0.5,0.9,1.2,1
558,Maurice Harkless,76,26,8.2,3.4,7.4,46.1,0.4,1.5,27.4,1,1.7,57,1.6,2.8,4.4,0.7,1.2,0.8,0.9,1
559,Michael Kidd-Gilchrist,78,26,9,3.6,7.9,45.8,0,0.1,22.2,1.8,2.4,74.9,1.7,4.2,5.8,1.5,0.7,0.9,1.3,1
560,Harrison Barnes,81,25.4,9.2,3.4,7.8,43.9,0.6,1.8,35.9,1.8,2.3,75.8,0.7,3.5,4.1,1.2,0.6,0.2,1.3,1
561,Austin Rivers,61,23.2,6.2,2.4,6.4,37.2,0.5,1.4,32.6,1,1.8,54.6,0.3,1.5,1.8,2.1,0.4,0.1,1.2,1
562,Caris LeVert,12,15.5,4.7,1.6,4.4,35.8,0.8,2.6,32.3,0.7,1,66.7,0.3,2.3,2.6,1.3,0.9,0.2,0.6,0
563,Andre Drummond,60,20.7,7.9,3.5,5.7,60.8,0,0,50,1,2.7,37.1,2.8,4.8,7.6,0.5,1,1.6,0.9,1
564,Jared Sullinger,45,19.8,6,2.5,5,49.3,0,0.1,20,1,1.4,74.6,2,3.8,5.9,0.8,0.5,0.5,0.6,0
565,Meyers Leonard,69,17.5,5.5,2.2,4,54.5,0,0.1,42.9,1,1.3,80.9,1.2,2.5,3.7,0.5,0.2,0.6,0.7,1
566,Patrick Beverley,41,17.4,5.6,1.9,4.6,41.8,0.9,2.3,37.5,0.8,1,82.9,1.1,1.6,2.7,2.9,0.9,0.5,1.1,1
567,Jae Crowder,78,17.3,5,1.8,4.7,38.4,0.8,2.5,32.8,0.6,0.9,64.4,0.4,1.9,2.4,1.2,0.8,0.2,0.6,1
568,Brian Roberts,78,17,7.1,2.7,6.6,41.7,0.8,2,38.6,0.9,1,90.9,0.2,1,1.2,2.8,0.5,0,0.9,1
569,Terrence Ross,73,17,6.4,2.5,6.3,40.7,0.9,2.7,33.2,0.4,0.6,71.4,0.5,1.5,2,0.7,0.6,0.2,0.7,1
570,Chris Copeland,56,15.4,8.7,3.3,6.8,47.9,1.1,2.5,42.1,1.1,1.5,75.9,0.6,1.5,2.1,0.5,0.3,0.2,0.9,0
571,Thomas Robinson,70,15.1,4.8,2,4.6,43,0,0,0,0.8,1.6,52.3,1.7,2.8,4.5,0.7,0.6,0.4,1.3,1
572,John Jenkins,61,14.8,6.1,2.1,4.8,44.6,0.9,2.3,38.4,1,1.1,84.3,0.3,1.3,1.5,0.9,0.2,0.2,0.7,1
573,Kendall Marshall,48,14.6,3,1.2,3.1,37.1,0.5,1.5,31.5,0.2,0.3,57.1,0.1,0.8,0.9,3,0.5,0.1,1.2,0
574,Draymond Green,79,13.4,2.9,1.1,3.3,32.7,0.2,0.8,20.9,0.6,0.7,81.8,0.7,2.6,3.3,0.7,0.5,0.3,0.7,1
575,Darius Miller,52,13.3,2.3,0.8,2.1,40.7,0.4,1.1,39.3,0.2,0.2,100,0.2,1.3,1.5,0.8,0.3,0.2,0.4,0
576,John Henson,63,13.1,6,2.6,5.3,48.2,0,0,0,0.9,1.7,53.3,1.8,2.9,4.7,0.5,0.3,0.7,0.8,1
577,Sheldon McClellan,11,13.7,4.8,1.5,3.7,41.5,0.3,1.4,20,1.5,1.6,88.9,0.2,0.7,0.9,0.8,0.5,0.1,0.2,0
578,DeQuan Jones,63,12.7,3.7,1.5,3.5,43.6,0.1,0.6,25.7,0.5,0.8,66.7,0.3,1.4,1.7,0.3,0.3,0.3,0.5,0
579,Doron Lamb,47,12.3,3.3,1.3,3.5,36.8,0.3,0.8,37.8,0.4,0.7,58.8,0.2,0.8,1,0.7,0.3,0,0.6,0
580,Will Barton,73,12.2,4,1.6,4.2,38.2,0.1,0.9,13.8,0.7,0.9,76.9,0.5,1.5,2,0.8,0.5,0.1,0.8,1
581,Orlando Johnson,51,12.1,4,1.4,3.5,40,0.7,1.8,38.3,0.5,0.6,71.9,0.4,1.8,2.2,0.9,0.2,0.2,0.6,0
582,Arnett Moultrie,47,11.5,3.7,1.7,2.9,58.2,0,0,0,0.4,0.6,64.3,1.6,1.5,3.1,0.2,0.4,0.2,0.4,0
583,Kyle O'Quinn,57,11.2,4.1,1.8,3.5,51.3,0,0,0,0.5,0.8,66.7,1.1,2.5,3.7,0.9,0.2,0.5,0.7,1
584,Bernard James,46,9.9,2.8,1.2,2.2,51.5,0,0,0,0.5,0.9,61,1.1,1.7,2.8,0.1,0.3,0.8,0.4,0
585,Kim English,41,9.9,2.9,1,2.7,37.5,0.3,1.2,28,0.5,0.7,72.4,0.2,0.7,0.9,0.6,0.4,0.1,0.5,0
586,Rodney McGruder,30,25.7,5.8,2.1,5.3,40,0.8,2.6,32.5,0.7,1,72.4,1.5,2,3.5,1.5,0.7,0.3,0.7,0
587,Mike Scott,40,9.4,4.6,1.8,3.7,47.6,0,0,0,1.1,1.4,76.8,1,1.8,2.8,0.3,0.1,0.1,0.5,1
588,Marquis Teague,48,8.2,2.1,0.9,2.4,38.1,0.1,0.5,17.4,0.2,0.3,56.3,0.1,0.9,0.9,1.3,0.2,0.1,0.7,0
589,Tony Wroten,35,7.8,2.6,0.9,2.5,38.4,0.1,0.5,25,0.6,0.8,72.4,0.4,0.4,0.8,1.2,0.2,0.1,0.8,0
590,Maalik Wayns,27,7.5,2.8,1,3.3,29.5,0.3,1.1,22.6,0.6,0.7,89.5,0,0.2,0.3,1,0.2,0,0.6,0
591,Jeremy Lamb,23,6.4,3.1,1,3,35.3,0.4,1.3,30,0.6,0.6,100,0.2,0.6,0.8,0.2,0.1,0.1,0.3,1
592,Brandon Knight,66,32.3,12.8,4.8,11.7,41.5,1.6,4.2,38,1.6,2.1,75.9,0.5,2.7,3.2,3.8,0.7,0.1,2.6,1
593,MarShon Brooks,56,29.4,12.6,4.9,11.4,42.8,0.8,2.7,31.3,2,2.6,76.4,1.3,2.3,3.6,2.3,0.9,0.3,2.1,0
594,Iman Shumpert,59,28.9,9.5,3.6,9.1,40.1,0.8,2.7,30.6,1.5,1.8,79.8,0.7,2.4,3.2,2.8,1.7,0.1,1.9,1
595,Chandler Parsons,63,28.6,9.5,3.9,8.7,45.2,1,2.8,33.7,0.7,1.2,55.1,1.4,3.3,4.8,2.1,1.2,0.5,1.3,1
596,Kemba Walker,66,27.2,12.1,4.3,11.6,36.6,1,3.4,30.5,2.5,3.2,78.9,0.5,3.1,3.5,4.4,0.9,0.3,1.8,1
597,Isaiah Thomas,65,25.5,11.5,3.9,8.8,44.8,1.3,3.4,37.9,2.4,2.8,83.2,0.7,1.8,2.6,4.1,0.8,0.1,1.6,1
598,Klay Thompson,66,24.4,12.5,4.8,10.9,44.3,1.7,4.1,41.4,1.2,1.4,86.8,0.4,2.1,2.4,2,0.7,0.3,1.6,1
599,Kawhi Leonard,64,24,7.9,3.1,6.3,49.3,0.6,1.7,37.6,1.1,1.4,77.3,1.6,3.5,5.1,1.1,1.3,0.4,0.7,1
600,Wade Baldwin,22,13.5,3.5,1.2,3.8,31.3,0.1,0.8,11.1,1,1.3,82.1,0.3,1.1,1.5,2.1,0.6,0.3,1.3,0
601,Kenneth Faried,46,22.5,10.2,3.9,6.7,58.6,0,0,0,2.4,3.6,66.5,3.1,4.6,7.7,0.8,0.7,1,1.2,1
602,Chris Singleton,66,21.7,4.6,1.8,4.7,37.2,0.7,1.9,34.6,0.5,0.7,68.2,0.7,2.9,3.5,0.7,1.1,0.5,0.6,0
603,Derrick Williams,66,21.5,8.8,3.1,7.5,41.2,0.6,2.1,26.8,2.1,3,69.7,1.2,3.5,4.7,0.6,0.5,0.5,1.2,1
604,Donald Sloan,33,20.3,5.5,2.4,6,39.9,0.1,0.8,8,0.7,0.9,76.7,0.5,1.5,2,3.2,0.4,0.1,1.5,1
605,Markieff Morris,63,19.5,7.4,2.8,6.9,39.9,0.7,2,34.7,1.2,1.7,71.7,1.1,3.3,4.4,1,0.7,0.7,1.1,1
606,Norris Cole,65,19.4,6.8,2.7,6.9,39.3,0.3,1.2,27.6,1,1.3,77.6,0.3,1.1,1.4,2,0.7,0,1.6,1
607,Jimmer Fredette,61,18.6,7.6,2.8,7.3,38.6,1.3,3.5,36.1,0.7,0.8,83.3,0.3,0.9,1.2,1.8,0.5,0.1,1.1,1
608,Charles Jenkins,51,17.5,5.8,2.5,5.7,44.7,0.1,0.4,15,0.7,0.8,87.2,0.2,1.2,1.3,3.3,0.7,0.1,1.2,0
609,Jaylen Brown,34,13.4,4.9,1.9,4.4,44.6,0.4,1.1,31.6,0.7,1.1,63.2,0.6,1.2,1.8,0.6,0.3,0.3,0.6,0
610,Ivan Johnson,56,16.7,6.4,2.5,4.9,51.3,0,0.1,33.3,1.3,1.8,72,1.2,2.9,4,0.6,0.8,0.3,,0
611,Alec Burks,59,15.9,7.2,2.6,6.1,42.9,0.3,0.8,33.3,1.8,2.4,72.7,1,1.3,2.2,0.9,0.5,0.1,0.9,1
612,Lavoy Allen,41,15.2,4.1,1.9,4.1,47.3,0,0,0,0.3,0.3,78.6,1.1,3,4.2,0.8,0.3,0.4,0.5,1
613,Lance Thomas,42,15,4,1.4,3,45.2,0,0,0,1.2,1.5,83.9,1.2,1.8,3,0.3,0.2,0.2,0.6,1
614,Jordan Williams,43,14.8,4.6,1.8,3.5,50.7,0,0,0,1,1.5,65.2,1.5,2.1,3.6,0.3,0.5,0.3,0.5,0
615,Josh Harrellson,37,14.6,4.4,1.7,4,42.3,0.5,1.6,33.9,0.4,0.7,61.5,1.3,2.6,3.9,,0.6,0.5,0.5,0
616,Greg Stiemsma,55,13.9,2.9,1.2,2.2,54.5,0,0,0,0.5,0.7,70.7,0.9,2.3,3.2,0.5,0.7,1.6,0.6,0
617,Jeremy Tyler,42,13.5,4.9,2.1,5,42.1,0,0,0,0.7,1.2,55.8,1.3,,3.3,0.4,0.4,0.5,0.9,0
618,Malcolm Lee,19,12.8,3.3,1.2,3.1,39,0.1,0.5,20,0.7,0.9,82.4,0.5,0.9,1.4,1.6,0.4,0.2,0.9,0
619,Nolan Smith,44,12.3,3.8,1.5,4.1,37.2,0.3,1,28.9,0.5,0.6,71.4,0.4,0.9,1.3,1.4,0.4,0.1,0.9,0
620,Shelvin Mack,64,12.2,3.6,1.4,3.4,40,0.2,0.7,28.6,0.7,0.9,71.2,0.2,1.3,1.4,2,0.4,0,0.8,1
621,Jon Leuer,46,12.1,4.7,2.1,4.2,50.8,0.1,0.2,33.3,0.5,0.6,75,1,1.6,2.6,0.5,0.3,0.4,0.4,1
622,Tobias Harris,42,11.4,5,1.9,4,46.7,0.1,0.5,26.1,1,1.3,81.5,0.7,1.7,2.4,0.5,0.3,0.2,0.7,1
623,Cory Higgins,38,11.1,3.9,1.4,4.2,32.5,0.1,0.5,20,1.1,1.6,70,0.2,0.7,,0.9,0.1,0.2,1,0
624,Andrew Goudelock,40,10.5,4.4,1.7,4.4,39.1,0.7,1.9,37.3,0.3,0.3,91.7,0.1,0.7,0.8,0.5,0.1,0,0.5,0
625,Jordan Hamilton,26,9.9,4.4,1.8,4.3,43.2,0.7,1.8,36.2,0.1,0.2,40,0.4,2,2.4,0.8,0.1,0.1,0.6,1
626,Mickell Gladness,26,9.7,2.2,1,2.3,42.4,0,0,0,0.2,0.5,50,0.5,1.7,2.2,0.2,0.1,0.8,0.3,0
627,Patrick McCaw,26,12.2,2.8,1.1,2.8,38.9,0.6,1.5,37.5,0.1,0.2,50,0.3,0.8,1,1,0.4,0.3,0.6,0
628,Jeremy Pargo,44,9.6,2.9,1.1,3.4,33.3,0.2,0.9,26.3,0.4,0.6,59.3,0.3,0.6,0.8,1.3,0.3,0,1.1,0
629,E'Twaun Moore,38,8.7,2.9,1.1,3,38.1,0.4,1.2,37.8,0.2,0.2,100,0.1,0.8,0.9,0.9,0.3,0.1,0.6,1
630,Jimmy Butler,42,8.5,2.6,0.8,1.9,40.5,0,0.3,18.2,1,1.3,76.8,0.5,0.8,1.3,0.3,0.3,0.1,0.3,1
631,JaJuan Johnson,36,8.3,3.2,1.5,3.4,44.6,0,0,0,0.2,0.3,66.7,0.6,1.1,1.6,0.2,0.1,0.4,0.4,0
632,Blake Griffin,82,38,22.5,8.5,16.8,50.6,0.1,0.3,29.2,5.4,8.5,64.2,3.3,8.8,12.1,3.8,0.8,0.6,2.7,1
633,John Wall,69,37.8,16.4,5.8,14.1,40.9,0.5,1.7,29.6,4.4,5.7,76.6,0.5,4.1,4.6,8.3,1.8,0.5,3.8,1
634,Landry Fields,82,31,9.7,3.6,7.3,49.7,1,2.7,39.3,1.4,1.8,76.9,1.3,5.1,6.4,1.9,1,0.2,1.3,1
635,DeMarcus Cousins,81,28.5,14.1,5.3,12.4,43,0,0.2,16.7,3.4,5,68.7,2.7,6,8.6,2.5,1.1,0.8,3.3,1
636,Greg Monroe,80,27.8,9.4,3.8,6.9,55.1,0,0,0,1.8,2.9,62.2,3.1,4.4,7.5,1.3,1.2,0.6,1,1
637,Wesley Johnson,79,26.2,9,3.4,8.6,39.7,1.3,3.7,35.6,0.8,1.2,69.6,0.6,2.4,3,1.9,0.7,0.7,1.2,1
638,Ed Davis,65,24.6,7.7,3.3,5.7,57.6,0,0,0,1.1,2,55.5,2.6,4.5,7.1,0.6,0.6,1,0.7,1
639,Jordan Crawford,42,24.5,11.7,4.6,11.9,38.4,0.8,3,25.8,1.7,2,86.9,0.7,1.8,2.5,2.8,0.9,0.1,2,0
640,Evan Turner,78,23,7.2,2.9,6.8,42.5,0.2,0.6,31.8,1.3,1.6,80.8,0.5,3.4,3.9,2,0.6,0.2,1,1
641,Eric Bledsoe,81,22.7,6.7,2.5,6,42.4,0.4,1.4,27.6,1.2,1.6,74.4,0.8,1.9,2.8,3.6,1.1,0.3,2.4,1
642,Gary Neal,80,21.1,9.8,3.6,7.9,45.1,1.6,3.9,41.9,1.1,1.3,80.8,0.3,2.2,2.5,1.2,0.3,0.1,1,1
643,Paul George,61,20.7,7.8,2.9,6.5,45.3,0.7,2.3,29.7,1.3,1.7,76.2,,3.1,3.7,1.1,1,0.4,1.1,1
644,Derrick Favors,78,19.7,6.8,2.8,5.3,51.7,0,0,0,1.3,2.2,59.5,2.2,3.1,5.3,0.5,0.4,0.9,1,1
645,Kay Felder,15,11,5.4,1.8,4.1,43.5,0.3,0.6,44.4,1.5,2,76.7,0.1,1.1,1.3,1.9,0.4,0.2,0.7,0
646,Al-Farouq Aminu,81,17.9,5.6,2,5,39.4,0.6,1.8,31.5,1.1,1.5,77.3,0.9,2.4,3.3,0.7,0.7,0.3,1.3,1
647,Ekpe Udoh,58,17.8,4.1,1.7,3.8,43.7,0,0,0,0.7,1.1,65.6,1.4,1.7,3.1,0.7,0.4,1.5,0.8,1
648,Manny Harris,54,17.3,5.9,2,5.4,37.4,0.6,1.7,37,1.3,1.7,76.3,0.7,1.9,2.6,1.6,0.6,0.1,1.2,0
649,Gordon Hayward,72,16.9,5.4,2,4.1,48.5,0.5,1,47.3,1,1.3,71.1,0.6,1.4,1.9,1.1,0.4,0.3,1,1
650,Patrick Patterson,52,16.7,6.3,2.9,5.1,55.8,0,0,0,0.6,0.8,71.4,1.7,2.2,3.8,0.8,0.3,0.7,0.6,1
651,Trevor Booker,65,16.4,5.3,2.1,3.9,54.9,0,0,0,1,1.6,67.3,1.5,2.4,3.9,0.5,0.5,0.7,0.6,1
652,Larry Sanders,60,14.5,4.3,1.9,4.5,43.3,0,0,0,0.5,0.8,56,,2,3,0.3,0.4,1.2,0.6,1
653,Luke Harangody,49,13.1,3.9,1.6,4.2,38.3,0.3,1.3,24.2,0.4,0.5,73.1,0.8,2.1,2.9,0.6,0.3,0.3,0.3,0
654,Quincy Pondexter,66,11.1,2.8,1.1,2.7,40.6,0.3,0.8,36,0.4,0.5,70.6,0.3,1,1.3,0.4,0.3,0.1,0.2,1
655,Ben Uzoh,42,10.4,3.8,1.5,3.4,42.4,0.1,0.2,37.5,0.8,1.3,58.9,0.7,0.7,1.5,1.6,0.3,0.2,0.6,0
656,Ish Smith,43,10.3,2.3,1,2.7,37.4,0.1,0.2,30,0.3,0.5,57.1,,0.9,1.1,1.8,0.4,0.1,0.8,1
657,Lazar Hayward,42,10,3.8,1.3,3.7,35.7,0.4,1.4,28.3,0.8,1,78.6,0.5,1.1,1.7,0.7,0.3,0.2,0.5,0
658,Jeremy Evans,49,9.4,3.6,1.6,2.3,66.1,0,0,0,0.5,0.8,70.3,0.7,1.2,2,0.5,0.3,0.3,0.4,1
659,Cole Aldrich,18,7.9,1,0.4,0.8,53.3,0,0,0,0.1,0.2,50,0.7,1.2,1.9,0.2,0.3,0.4,0.4,1
660,Armon Johnson,38,7.3,2.9,1.2,2.7,45.5,0.1,0.3,41.7,0.3,0.6,59.1,0.3,0.7,0.9,1.2,0.1,0,1,0
661,Mustafa Shakur,22,7.2,2.3,1,2.7,35.6,0,0.5,10,0.4,0.7,53.3,0.3,0.7,1,1.1,0.2,0.1,0.8,0
662,Derrick Caracter,41,5.2,2,0.8,1.6,48.5,0,0,0,0.4,0.6,73.9,0.5,0.6,1,0.2,0.1,0.2,0.5,0
663,Tyreke Evans,72,37.2,20.1,7.4,16.2,45.8,0.5,2,25.5,4.8,6.5,74.8,0.9,4.4,5.3,5.8,1.5,0.4,3,1
664,Stephen Curry,80,36.2,17.5,6.6,14.3,46.2,2.1,4.8,43.7,2.2,2.5,88.5,0.6,3.9,4.5,5.9,1.9,0.2,3,1
665,Brandon Jennings,82,32.6,15.5,5.5,14.8,37.1,1.8,4.7,37.4,2.7,3.3,81.7,0.6,2.8,3.4,5.7,1.3,0.2,2.4,1
666,Denzel Valentine,22,10.6,2.5,0.8,3,27.7,0.5,1.9,26.2,0.3,0.4,87.5,0,1.6,1.6,0.5,0.3,0.1,0.4,0
667,Jonny Flynn,81,28.9,13.5,4.9,11.8,41.7,1,2.7,35.8,2.8,3.3,82.6,0.3,2.1,2.4,4.4,1,0,2.9,0
668,Darren Collison,76,27.8,12.4,4.9,10.4,47.7,0.6,1.5,40,1.9,2.3,85.1,0.5,2,2.5,5.7,1,0.1,2.7,1
669,Taj Gibson,82,26.9,9,3.8,7.7,49.4,0,0,0,1.4,2.1,64.6,,4.7,7.5,0.9,0.6,1.3,1.4,1
670,Marcus Thornton,73,25.6,14.5,5.5,12.1,45.1,1.6,4.3,37.4,2,2.4,81.4,1,1.9,2.9,1.6,0.8,0.1,1,1
671,Wesley Matthews,82,24.7,9.4,3.3,6.9,48.3,0.8,2,38.2,2,2.4,82.9,0.6,1.7,2.3,1.5,0.8,0.2,1.1,1
672,Jrue Holiday,73,24.2,8,3.2,7.1,44.2,0.8,2.2,39,0.9,1.2,75.6,0.8,1.8,2.6,3.8,1.1,0.3,2.1,1
673,James Harden,76,22.9,9.9,3.1,7.6,40.3,1.2,3.3,37.5,2.6,3.2,80.8,0.6,2.6,3.2,1.8,1.1,0.3,1.4,1
674,Terrence Williams,78,22.6,8.4,3.3,8.3,40.1,0.4,1.3,31,1.3,1.8,71.5,0.6,3.9,4.5,2.9,0.6,0.1,1.6,0
675,Taurean Waller-Prince,20,10,3.4,1.2,3.1,39.3,0.4,1.2,29.2,0.6,0.7,85.7,0.2,1.8,2,0.7,0.3,0.3,0.7,0
676,DeMar DeRozan,77,21.6,8.6,3.3,6.6,49.8,0.1,0.2,25,1.9,2.5,76.3,0.9,2,2.9,0.7,0.6,0.2,0.8,1
677,Ty Lawson,65,20.3,8.3,3.1,6,51.5,0.5,1.3,41,1.6,2.2,75.7,0.6,1.3,1.9,3.1,0.7,0,1.3,1
678,Chase Budinger,74,20.1,8.9,3.4,7.6,44.1,1.2,3.4,36.9,0.9,1.2,77,0.5,2.5,3,1.2,0.5,0.1,0.7,1
679,Toney Douglas,56,19.4,8.6,3.2,7,45.8,1.2,3.1,38.9,1,1.2,80.9,0.7,1.2,1.9,2,0.8,0.1,1,1
680,DeJuan Blair,82,18.2,7.8,3.4,6,55.6,0,0,0,1.1,2,54.7,,4,6.4,0.8,0.6,0.5,1.4,1
681,Wayne Ellington,76,18.2,6.6,2.5,5.9,42.4,0.8,2.1,39.5,0.8,0.9,87.1,0.4,1.7,2.1,1,0.3,0.1,1,1
682,Sam Young,80,16.5,7.4,2.8,6.2,45.1,0.1,0.7,19.6,1.7,2.2,77.7,1,1.6,2.5,0.7,0.4,0.3,1.2,0
683,Eric Maynor,81,15.7,4.7,1.9,4.5,41.8,0.3,0.9,31,0.6,0.9,72.2,0.3,1.3,1.6,3.3,0.5,0.1,1.1,1
684,A.J. Price,56,15.4,7.3,2.6,6.3,41,1.1,3.1,34.5,1.1,1.3,80,0.2,1.4,1.6,1.9,0.6,0.1,1.1,1
685,Karl-Anthony Towns,82,32,18.3,7.6,14.1,54.2,0.4,1.1,34.1,2.7,3.4,81.1,2.8,7.7,10.5,2,0.7,1.7,2.2,0
686,Jordan Hill,47,13.3,5.2,2.1,4.3,49.3,0,0,0,1,1.4,67.6,1.6,2.1,3.7,0.4,0.3,0.5,0.6,1
687,Austin Daye,69,13.3,5.1,2,4.3,46.4,0.4,1.4,30.5,0.7,0.8,82.1,0.5,2,2.5,0.5,0.4,0.4,0.7,1
688,Chris Hunter,60,13.1,4.5,1.8,3.6,50.2,0,0.1,0,0.9,1.2,75.4,0.9,1.9,2.8,0.6,0.2,0.6,0.5,0
689,Jon Brockman,52,12.6,2.8,1.1,2,53.4,0,0,0,0.7,1.2,59.7,2,2.1,4.1,0.4,0.3,0.1,0.4,0
690,Garrett Temple,27,12.4,5,1.6,3.7,43.6,0.5,1.4,35.1,1.3,1.9,70,0.2,0.9,1.1,0.8,0.5,0.2,1,1
691,Jodie Meeks,60,12,4.7,1.7,4.5,38.8,0.7,2.2,31.8,0.5,0.7,79.5,0.1,1.5,1.6,0.7,0.3,0.1,0.4,1
692,Dante Cunningham,63,11.2,3.9,1.7,3.4,49.5,0,0,0,0.5,0.8,64.6,0.9,1.7,2.5,0.2,0.4,0.3,0.2,1
693,DeMarre Carroll,71,11.2,2.9,1.2,3.1,39.6,0,0.1,0,0.5,0.7,62.3,0.7,1.4,2.1,0.5,0.4,0.1,0.3,1
694,Jeff Ayres,39,10.4,2.7,1.1,1.7,66.2,0,0,0,0.5,0.5,90,0.6,1.9,2.5,0,0.2,0.4,0.3,1
695,Jeff Teague,71,10.1,3.2,1.3,3.2,39.6,0.1,0.5,21.9,0.6,0.7,83.7,0.1,0.9,0.9,1.7,0.5,0.1,0.7,1
696,Derrick Brown,57,9.4,3.3,1.2,2.6,46.3,0,0.1,28.6,0.8,1.3,66.7,0.5,0.8,1.4,0.3,0.4,0.2,0.3,0
697,DaJuan Summers,44,9.2,3,1,3,35.4,0.3,1,35.7,0.6,0.9,71.1,0.3,0.7,1,0.4,0.2,0.2,0.4,0
698,Gerald Henderson,43,8.3,2.6,0.9,2.4,35.6,0.1,0.4,21.1,0.8,1.1,74.5,0.3,0.9,1.3,0.3,0.2,0.2,0.3,1
699,Earl Clark,51,7.5,2.7,1.1,3,37.1,0,0.1,40,0.5,0.7,72.2,0.4,0.9,1.2,0.4,0.1,0.3,0.5,1
700,Cedric Jackson,12,6.3,1.7,0.5,1.7,30,0.1,0.5,16.7,0.6,1,58.3,0.2,0.5,0.7,1.2,0.3,0.2,0.9,0
701,Marcus Landry,18,6.2,2.4,0.9,2.4,37.2,0.5,1.6,32.1,0.2,0.3,60,0.3,0.8,1.1,0,0.1,0.1,0.3,0
702,Jahlil Okafor,53,30,17.5,7.5,14.7,50.8,0,0.1,16.7,2.5,3.7,68.6,2.3,4.7,7,1.2,0.4,1.1,2.3,0
703,Lester Hudson,25,5.2,2.3,0.8,2.1,39.6,0.2,0.6,31.3,0.4,0.5,84.6,0.3,0.4,0.7,0.5,0.3,0.1,0.6,0
704,O.J. Mayo,82,38,18.5,6.9,15.6,43.8,1.8,4.6,38.4,3,3.4,87.9,0.7,3.1,3.8,3.2,1.1,0.2,2.8,1
705,Derrick Rose,81,37,16.8,7.1,14.9,47.5,0.2,0.9,22.2,2.4,3.1,78.8,1.2,2.7,3.9,6.3,0.8,0.2,2.5,1
706,Eric Gordon,78,34.3,16.1,5.3,11.6,45.6,1.7,4.3,38.9,3.8,4.5,85.4,0.6,2,2.6,2.8,1,0.5,2.1,1
707,Russell Westbrook,82,32.5,15.3,5.3,13.4,39.8,0.4,1.6,27.1,4.3,5.2,81.5,2.2,2.7,4.9,5.3,1.3,0.2,3.3,1
708,Mario Chalmers,82,32,10,3.4,8.1,42,1.4,3.8,36.7,1.8,2.4,76.7,0.5,2.3,2.8,4.9,1.9,0.1,2,1
709,Brook Lopez,82,30.5,13,5.5,10.3,53.1,0,0,0,2.1,2.6,79.3,2.7,5.4,8.1,1,0.5,1.8,1.8,1
710,Jason Thompson,82,28.1,11.1,4.3,8.7,49.7,0,0.1,0,2.4,3.5,69.2,2.9,4.5,7.4,1.1,0.6,0.7,1.8,1
711,D.J. Augustin,72,26.5,11.8,3.7,8.6,43,1.5,3.4,43.9,2.9,3.2,89.3,0.2,1.6,1.8,3.5,0.6,0,1.6,1
712,Justise Winslow,78,28.6,6.4,2.5,5.9,42.2,0.4,1.5,27.6,1,1.5,68.4,1,4.1,5.2,1.5,0.9,0.3,1.2,0
713,Kevin Love,81,25.3,11.1,3.9,8.5,45.9,0,0.2,10.5,3.3,4.1,78.9,3.4,5.7,9.1,1,0.4,0.6,1.5,1
714,Courtney Lee,77,25.2,8.4,3.2,7,45,1.1,2.6,40.4,1,1.2,83,0.2,2.1,2.3,1.2,1,0.2,0.9,1
715,Michael Beasley,81,24.8,13.9,5.6,11.8,47.2,0.4,1,40.7,2.3,3,77.2,1.4,4.1,5.4,1,0.5,0.5,1.5,1
716,Brandon Rush,75,24,8.1,3.2,7.7,42.3,1,2.8,37.3,0.6,0.9,69.7,,2.7,3.1,0.9,0.5,0.5,1,1
717,Anthony Morrow,67,22.6,10.1,3.8,8,47.8,1.3,2.7,46.7,1.2,1.4,87,1.2,1.8,3,1.2,0.5,0.2,0.8,1
718,Greg Oden,61,21.5,8.9,3.2,5.8,56.4,0,0,0,2.4,3.7,63.7,2.8,4.2,7,0.5,0.4,1.1,1.4,0
719,Kyle Weaver,56,20.8,5.3,2,4.4,45.9,0.6,1.7,34.4,0.7,1,70.7,0.6,1.8,2.3,1.8,0.8,0.5,1.2,0
720,Ryan Anderson,66,19.9,7.4,2.4,6.2,39.3,1,2.9,36.5,1.5,1.8,84.5,1.6,3.1,4.7,0.8,0.7,0.3,0.9,1
721,Darrell Arthur,76,19.3,5.6,2.5,5.7,43.8,0,0,0,0.5,0.8,66.7,1.4,3.1,4.6,0.6,0.7,0.7,0.6,1
722,George Hill,77,16.5,5.7,1.9,4.8,40.3,0.3,0.9,32.9,1.5,1.9,78.1,0.4,1.7,2.1,1.8,0.6,0.3,1,1
723,Marreese Speights,79,16,7.7,3.2,6.4,50.2,0,0.1,25,1.3,1.7,77.3,1.6,2.2,3.7,0.4,0.3,0.7,0.6,1
724,JaVale McGee,75,15.2,6.5,2.5,5.2,49.4,0,0,0,1.4,2.2,66,1.6,2.3,3.9,0.3,0.4,1,0.8,1
725,Mike Taylor,51,15.1,5.7,2.2,5.2,41.2,0.3,0.8,32.5,1.1,1.6,69.1,,1.3,1.7,2.1,0.7,0,1.4,0
726,DeAndre Jordan,53,14.5,4.3,1.8,2.8,63.3,0,0,0,0.8,2.1,38.5,1.4,3.1,4.5,0.2,0.2,1.1,0.8,1
727,Roy Hibbert,70,14.4,7.1,2.8,6,47.1,0,0,0,1.4,2.1,66.7,1.6,1.8,3.5,0.7,0.3,1.1,0.8,1
728,Bobby Brown,68,13.7,5.3,2.1,5.3,39.2,0.7,1.9,34.6,0.5,0.6,79.1,0.2,0.6,0.8,1.7,0.3,0,0.9,0
729,D'Angelo Russell,80,28.2,13.2,4.9,12,41,1.6,4.6,35.1,1.8,2.4,73.7,0.6,2.8,3.4,3.3,1.2,0.2,2.5,0
730,Chris Douglas-Roberts,44,13.3,4.9,1.8,4,46,0.1,0.3,25,1.2,1.4,82.3,,0.8,1.1,1.2,0.3,0.2,0.7,1
731,Jerryd Bayless,53,12.4,4.3,1.3,3.6,36.5,0.1,0.5,25.9,1.6,1.9,80.6,0.2,0.9,1.1,1.5,0.3,0,1.1,1
732,Cory Alexander,59,12.1,4.7,1.7,4.2,41.6,0.3,0.8,34.8,1,1.4,69.9,0.7,1.2,1.9,0.7,0.3,0.5,0.9,1
733,Kosta Koufos,48,11.8,4.7,2,3.9,50.8,0,0,0,0.8,1.1,70.6,1,1.8,2.9,0.4,0.3,0.7,0.5,1
734,Rob Kurz,40,11.1,3.9,1.3,3.3,38.9,0.4,1,39.5,1,1.3,80,0.8,1.2,2,0.5,0.3,0.5,0.4,0
735,Anthony Tolliver,19,10.9,2.7,1,3.4,29.2,0.5,2.2,22,0.3,0.5,50,0.6,1.5,2.2,0.9,0.3,0.1,0.4,1
736,Devin Booker,76,27.7,13.8,4.8,11.4,42.3,1.3,3.8,34.3,2.8,3.4,84,0.4,2.1,2.5,2.6,0.6,0.3,2.1,0
737,Robin Lopez,60,10.2,3.1,1.2,2.3,51.8,0,0,0,0.8,1.1,69.1,0.9,1.1,2,0.1,0.2,0.7,0.5,1
738,Darnell Jackson,51,8.4,1.9,0.7,1.7,43,0,0,0,0.5,0.7,68.6,,1.1,1.7,0.2,0.2,0.1,0.3,0
739,Sean Singletary,37,8.2,2.4,0.8,2.3,36.5,0.3,0.7,40,0.5,0.6,85.7,0.3,0.7,0.9,0.8,0.3,0,0.6,0
740,Kevin Durant,80,34.6,20.3,7.3,17.1,43,0.7,2.6,28.8,4.9,5.6,87.3,0.9,3.5,4.3,2.4,1,0.9,2.9,1
741,Jeff Green,80,28.2,10.5,4,9.4,42.7,0.3,1,27.6,2.2,3,74.4,1.3,3.5,4.7,1.5,0.6,0.6,2,1
742,Jamario Moon,78,27.8,8.5,3.6,7.4,48.5,0.5,1.6,32.8,0.8,1.1,74.1,,5,6.2,1.2,1,1.4,0.7,1
743,Al Thornton,79,27.3,12.7,4.7,11,42.9,0.5,1.6,33.1,2.7,3.6,74.3,1.2,3.3,4.5,1.2,0.6,0.5,1.6,0
744,Mike Conley,53,26.1,9.4,3.6,8.3,42.8,0.6,1.7,33,1.7,2.3,73.2,0.4,2.2,2.6,4.2,0.8,0,1.7,1
745,Stanley Johnson,73,23.1,8.1,3.1,8.2,37.5,0.9,2.8,30.7,1.1,1.4,78.4,0.8,3.4,4.2,1.6,0.8,0.2,1.6,0
746,Daequan Cook,59,24.4,8.8,3.3,8.7,38.1,1.3,4,33.2,0.8,1,82.5,0.3,2.7,3,1.3,0.4,0.1,1.1,1
747,Corey Brewer,79,22.8,5.8,2.3,6.2,37.4,0.1,0.5,19.4,1.1,1.4,80,1,2.7,3.7,1.4,1,0.3,1.1,1
748,Thaddeus Young,74,21,8.2,3.6,6.6,53.9,0.1,0.3,31.6,1,1.4,73.8,1.6,2.6,4.2,0.8,1,0.1,0.9,1
749,Joakim Noah,74,20.7,6.6,2.4,5,48.2,0,0,0,1.8,2.6,69.1,2.4,3.3,5.6,1.1,0.9,0.9,1.2,1
750,Wilson Chandler,35,19.6,7.3,3,6.9,43.8,0.3,0.9,30,1,1.5,63,1.1,2.5,3.6,0.9,0.4,0.5,0.8,1
751,Rodney Stuckey,57,19,7.6,2.7,6.7,40.1,0.1,0.3,18.8,2.2,2.7,81.4,,1.7,2.3,2.8,0.9,0.1,1.4,1
752,Jared Dudley,73,19,5.8,2.2,4.8,46.8,0.1,0.6,22,1.2,1.6,73.7,1.7,2.3,3.9,1.1,0.8,0.1,0.7,1
753,Sean Williams,73,17.5,5.6,2.2,4.2,53.8,0,0,0,1.1,1.8,60.9,1.6,2.8,4.4,0.4,0.4,1.4,1,0
754,Myles Turner,60,22.8,10.3,4.4,8.8,49.8,0.1,0.2,21.4,1.5,2,72.7,1.1,4.4,5.5,0.7,0.4,1.4,1.1,0
755,Carl Landry,42,16.9,8.1,3.2,5.2,61.6,0,0,0,1.7,2.6,66.1,2.3,2.6,4.9,0.5,0.4,0.2,0.6,1
756,Acie Law,56,15.4,4.2,1.7,4.2,40.1,0.1,0.6,20.6,0.7,0.9,79.2,0.2,0.8,1,2,0.5,0,1,0
757,Nick Young,75,15.4,7.5,2.8,6.4,43.9,0.5,1.3,40,1.3,1.7,81.5,0.3,1.2,1.5,0.8,0.5,0.1,1.3,1
758,Jason Smith,76,14.6,4.5,1.9,4.1,45.5,0.1,0.2,28.6,0.7,1.1,65.9,1,2,3,0.3,0.3,0.7,0.6,1
759,Glen Davis,69,13.6,4.5,1.6,3.2,48.4,0,0,0,1.4,2.2,66,1.4,1.6,3,0.4,0.5,0.3,0.9,1
760,Javaris Crittenton,50,13.6,5.6,2,4.7,42.1,0.2,0.7,27,1.4,2.1,69.2,0.5,1.7,2.2,1,0.4,0,1.1,0
761,Spencer Hawes,71,13.1,4.7,2.1,4.5,45.9,0.1,0.3,19,0.5,0.8,65.5,1,2.3,3.2,0.6,0.2,0.6,0.8,1
762,Arron Afflalo,75,12.9,3.7,1.3,3.2,41.1,0.1,0.6,20.8,0.9,1.2,78.2,0.5,1.3,1.8,0.7,0.4,0.1,0.5,1
763,Aaron Brooks,51,11.9,5.2,1.8,4.4,41.3,0.7,2.1,33,0.8,1,85.7,0.3,0.8,1.1,1.7,0.3,0.1,0.9,1
764,C.J. Watson,32,11.5,3.7,1.3,3.2,42.6,0.3,0.8,34.6,0.7,0.9,79.3,0.4,0.6,1,1.1,0.5,0,0.6,1
765,Julian Wright,57,11.2,3.9,1.6,3,53.3,0.2,0.4,41.7,0.6,0.9,63.5,0.6,1.5,2.1,0.7,0.5,0.2,0.6,0
766,Chris Richard,52,10.7,1.9,0.8,1.7,47.1,0,0,0,0.3,0.5,59.3,1,1.6,2.6,0.3,0.2,0.2,0.5,0
767,Nick Fazekas,26,10.3,4.1,1.8,3.2,56.1,0,0.1,0,0.6,0.8,68.2,1.3,2.1,3.4,0.4,0.3,0.4,0.5,0
768,Aaron Gray,61,10,4.3,1.7,3.3,50.5,0,0,0,0.9,1.6,56.6,1.1,1.6,2.8,0.7,0.3,0.3,0.9,1
769,Dominic McGuire,70,9.9,1.3,0.6,1.5,37.9,0,0.1,16.7,0.2,0.5,43.8,0.8,1.2,2,0.6,0.3,0.4,0.6,1
770,Brandan Wright,38,9.9,4,1.6,2.9,55.4,0,0,0,0.7,1.1,67.5,1,1.6,2.6,0.2,0.2,0.6,0.3,1
771,Jermareo Davidson,38,8.5,3.2,1.3,3.3,40.8,0,0,0,0.5,0.7,64.3,0.6,1.1,1.6,0.3,0.2,0.4,0.5,0
772,Mario West,64,4.2,0.9,0.3,0.8,42.9,0,0.1,0,0.3,0.4,65.4,0.4,0.3,0.8,0.2,0.2,0.1,0.1,0
773,Demetris Nichols,14,3.1,1.1,0.4,1.6,26.1,0.2,0.9,23.1,0,0,0,0,0.4,0.4,0.1,0,0.2,0.3,0
774,Willie Cauley-Stein,66,21.4,7,2.9,5.1,56.3,0,0,0,1.2,1.9,64.8,2,3.3,5.3,0.6,0.7,1,0.7,0
775,Brandon Roy,57,35.4,16.8,6.1,13.4,45.6,1,2.6,37.7,3.5,4.2,83.8,1,3.4,4.4,4,1.2,0.2,2,1
776,Adam Morrison,78,29.8,11.8,4.6,12.1,37.6,1.1,3.3,33.7,1.5,2.2,71,0.7,2.3,2.9,2.1,0.4,0.1,1.7,0
777,Rudy Gay,78,27,10.8,4.1,9.7,42.2,0.7,1.8,36.4,1.9,2.7,72.7,1.2,3.3,4.5,1.3,0.9,0.9,1.8,1
778,Rajon Rondo,78,23.5,6.4,2.4,5.8,41.8,0.1,0.4,20.7,1.5,2.4,64.7,0.9,2.8,3.7,3.8,1.6,0.1,1.8,1
779,Randy Foye,82,22.9,10.1,3.7,8.4,43.4,0.8,2.3,36.8,2,2.3,85.4,0.6,2.1,2.7,2.8,0.7,0.3,1.9,1
780,LaMarcus Aldridge,63,22.1,9,3.8,7.6,50.3,0,0,0,1.3,1.8,72.2,2.3,2.7,5,0.4,0.3,1.2,0.7,1
781,Tarence Kinsey,48,20.1,7.7,2.9,6.3,45.7,0.3,1,28.3,1.6,2,79.6,0.6,1.4,2,0.9,1.1,0,1,0
782,Josh Richardson,52,21.3,6.6,2.4,5.2,45.2,1,2.2,46.1,0.8,1.2,66.7,0.4,1.7,2.1,1.4,0.7,0.5,0.7,0
783,Craig Smith,82,18.7,7.4,3,5.6,53.1,0,0.1,0,1.4,2.3,62.4,1.8,3.3,5.1,0.6,0.6,0.2,0.9,1
784,Shelden Williams,81,18.7,5.5,2,4.5,45.5,0,0,50,1.4,1.8,76.4,1.6,3.8,5.4,0.5,0.6,0.5,1.2,1
785,Paul Millsap,82,18,6.8,2.5,4.9,52.5,0,0,33.3,1.7,2.5,67.3,2.2,2.9,5.2,0.8,0.8,0.9,1.1,1
786,Rodney Carney,67,17.4,6.6,2.7,5.9,46.4,0.4,1.1,34.7,0.8,1.3,60.9,0.6,1.3,1.9,0.4,0.6,0.3,0.6,1
787,Marcus Williams,79,16.6,6.8,2.6,6.7,39.5,0.6,2.1,28.2,0.9,1.1,84.7,0.4,1.7,2.1,3.3,0.4,0,1.8,0
788,Daniel Gibson,60,16.5,4.6,1.6,3.9,42.4,0.9,2.1,41.9,0.5,0.7,71.8,0.5,1.1,1.5,1.2,0.4,0.1,0.7,1
789,Renaldo Balkman,68,15.6,4.9,2,4,50.5,0.1,0.4,18.5,0.8,1.3,56.7,1.4,2.9,4.3,0.6,0.8,0.7,0.7,1
790,Rondae Hollis-Jefferson,29,21.2,5.8,2.2,4.8,45.7,0.1,0.5,28.6,1.3,1.8,71.2,1.3,4,5.3,1.5,1.3,0.6,0.9,0
791,Jordan Farmar,72,15.1,4.4,1.7,4.1,42.2,0.6,1.9,32.8,0.4,0.5,71.1,0.3,1.3,1.7,1.9,0.6,0.1,1,1
792,Allan Ray,47,15.1,6.2,2.1,5.5,38.6,1,2.5,41.4,0.9,1.2,76.4,0.4,1.1,1.5,0.9,0.4,0.1,0.9,0
793,Mardy Collins,52,14.9,4.5,1.7,4.4,38.2,0.3,0.9,27.7,0.9,1.6,58.5,0.5,1.5,2,1.6,0.6,0.1,1.1,0
794,J.J. Redick,42,14.8,6,1.9,4.6,41,0.9,2.3,38.8,1.3,1.4,90,0.2,1,1.2,0.9,0.3,0,0.5,1
795,Tyrus Thomas,72,13.4,5.2,1.9,3.9,47.5,0,0,0,1.5,2.4,60.6,1.2,2.5,3.7,0.6,0.6,1.1,1.3,1
796,Alexander Johnson,59,12.8,4.4,1.5,2.9,53.8,0,0,0,1.3,2,66.1,0.8,2.2,3.1,0.3,0.4,0.6,0.8,0
797,Cedric Simmons,43,12.4,2.9,1.3,3.1,41.7,0,0,0,0.4,0.8,48.5,1,1.5,2.5,0.3,0.2,0.5,0.5,0
798,Frank Kaminsky,81,21.1,7.5,2.7,6.5,41,0.8,2.5,33.7,1.3,1.8,73,0.9,3.3,4.1,1.2,0.5,0.5,0.7,0
799,Shawne Williams,46,12.1,3.9,1.6,3.5,46.9,0.4,1.1,36.5,0.2,0.4,55,0.7,1.1,1.8,0.5,0.1,0.2,0.5,1
800,Ronnie Brewer,56,12.1,4.6,1.8,3.4,52.8,0,0.2,0,1,1.5,67.5,0.7,0.7,1.3,0.4,0.7,0.1,0.4,1
801,David Noel,68,11.6,2.7,1,2.6,36.7,0.3,0.8,32.1,0.5,0.6,86,0.6,1.2,1.8,1,0.4,0.1,0.6,0
802,Solomon Jones,58,11.5,3.3,1.1,2.2,50.8,0,0,0,1,1.3,78.7,0.8,1.5,2.3,0.2,0.2,0.7,0.4,1
803,Leon Powe,63,11.4,4.2,1.3,2.8,44.6,0,0,0,1.7,2.3,73.6,1.5,1.9,3.4,0.2,0.2,0.3,0.8,1
804,Hilton Armstrong,56,11.3,3.1,1.2,2.2,54.4,0,0,0,0.7,1.2,59.7,1,1.6,2.7,0.2,0.2,0.5,0.6,1
805,Josh Boone,61,11,4.2,1.6,2.8,57.9,0,0,0,0.9,1.7,54.4,1,1.8,2.9,0.2,0.2,0.3,0.5,0
806,Lynn Greer,41,10.5,4.1,1.5,3.4,43.3,0.4,1.3,34.6,0.7,0.8,84.4,0,0.6,0.7,1.3,0.4,0,0.4,0
807,Chris Quinn,42,9.7,3.4,1.1,3.1,36.6,0.5,1.4,35.1,0.6,0.9,67.6,0.1,0.6,0.7,1.5,0.4,0,0.5,1
808,Anthony Brown,29,20.7,4,1.3,4.3,31,0.7,2.4,28.6,0.6,0.7,85,0.3,2.1,2.4,0.7,0.5,0.2,0.5,0
809,Quincy Douby,42,8.5,2.8,1.1,3,38.1,0.3,1.2,24,0.3,0.4,73.3,0.3,0.6,0.9,0.4,0.4,0.1,0.4,0
810,Hassan Adams,61,8.1,2.9,1.2,2.2,55.6,0,0,0,0.4,0.6,66.7,0.6,0.7,1.3,0.2,0.3,0.1,0.4,0
811,Bobby Jones,44,7.6,2.5,1,2.1,46.2,0,0.2,11.1,0.5,0.9,56.1,0.5,0.8,1.3,0.4,0.3,0,0.4,1
812,Andre Brown,38,7.1,2.4,1.1,1.9,56.8,0,0,0,0.2,0.4,60,0.7,1.3,1.9,0.1,0.2,0.1,0.8,0
813,Steve Novak,35,5.5,1.5,0.5,1.4,36,0.4,1.1,33.3,0.1,0.1,100,0.1,0.6,0.7,0.2,0.1,0,0.1,1
814,Chris Paul,78,36,16.1,5.2,12.1,43,0.6,2.3,28.2,5.1,6,84.7,0.8,4.3,5.1,7.8,2.2,0.1,2.4,1
815,Raymond Felton,80,30.1,11.9,4.3,11,39.1,1.2,3.4,35.8,2,2.8,72.5,1,2.4,3.3,5.6,1.3,0.1,2.3,1
816,Charlie Villanueva,81,29.1,13,5.4,11.6,46.3,0.9,2.6,32.7,1.4,2,70.6,2.2,4.2,6.4,1.1,0.7,0.8,1.2,1
817,Luther Head,80,28.9,8.8,3.2,7.9,40.3,1.4,3.9,36.1,1.1,1.5,69.9,0.4,2.9,3.3,2.7,1.1,0.1,1.5,1
818,Deron Williams,80,28.8,10.8,4.2,10.1,42.1,1.1,2.7,41.6,1.2,1.7,70.4,0.4,2,2.4,4.5,0.8,0.2,1.8,1
819,Larry Nance Jr.,63,20.1,5.5,2.5,4.8,52.7,0,0.2,10,0.5,0.7,68.1,1.6,3.3,5,0.7,0.9,0.4,0.7,0
820,Marvin Williams,79,24.7,8.5,3,6.7,44.3,0.2,0.7,24.5,2.4,3.2,74.7,1.5,3.3,4.8,0.8,0.6,0.3,1.1,1
821,Channing Frye,65,24.2,12.3,4.7,9.8,47.7,0,0.1,33.3,2.9,3.5,82.5,2.1,3.6,5.8,0.8,0.5,0.7,1.5,1
822,Danny Granger,78,22.6,7.5,2.8,6.1,46.2,0.4,1.2,32.3,1.5,1.9,77.7,1.7,3.2,4.9,1.2,0.7,0.8,1,1
823,Ryan Gomes,61,22.6,7.6,2.8,5.8,48.7,0,0.1,33.3,1.8,2.4,75.2,1.7,3.2,4.9,1,0.6,0.1,0.9,1
824,Nate Robinson,72,21.4,9.3,3.2,7.8,40.7,0.8,2,39.7,2.1,2.8,75.2,0.8,1.5,2.3,2,0.8,0,1.6,1
825,Salim Stoudamire,61,20.3,9.7,3.3,8.1,41.5,1.3,3.5,38,1.6,1.8,90,0.2,1.7,1.9,1.2,0.4,0.1,1.3,0
826,Jarrett Jack,79,20.2,6.7,2.4,5.4,44.2,0.3,1,26.3,1.6,2,80,0.2,1.8,2,2.8,0.5,0,1.3,1
827,T.J. McConnell,81,19.8,6.1,2.7,5.7,47,0.4,1.1,34.8,0.3,0.5,63.4,0.5,2.6,3.1,4.5,1.2,0.1,1.7,0
828,Joey Graham,80,19.8,6.7,2.5,5.2,47.8,0.4,1.1,33.3,1.4,1.7,81.2,0.7,2.3,3.1,0.8,0.5,0.2,1.1,1
829,Monta Ellis,49,18.1,6.8,2.7,6.5,41.5,0.6,1.7,34.1,0.9,1.2,71.2,0.4,1.7,2.1,1.6,0.7,0.2,1.2,1
830,Martell Webster,61,17.5,6.6,2.3,5.7,39.9,1.1,3,35.7,1,1.2,85.9,0.5,1.7,2.1,0.6,0.3,0.2,0.7,1
831,Rashad McCants,79,17.2,7.9,3.1,6.8,45,0.8,2.3,37.2,1,1.3,73.6,0.4,1.4,1.8,0.8,0.6,0.3,1.1,0
832,David Lee,67,16.9,5.1,2,3.4,59.6,0,0,0,1.1,1.8,57.7,1.6,2.9,4.5,0.6,0.5,0.3,0.8,1
833,Alan Anderson,36,15.7,5.8,2.1,5,41.4,0.7,1.6,41.4,0.9,1.1,80.5,0.6,1.3,1.9,0.9,0.3,0.1,0.9,1
834,Orien Greene,80,15.4,3.2,1.3,3.2,39.5,0.1,0.5,22.5,0.6,0.9,66.2,0.5,1.4,1.8,1.6,1,0.1,1.4,0
835,Ike Diogu,69,14.9,7,2.5,4.8,52.4,0,0,0,2,2.4,81,1.4,1.9,3.3,0.4,0.2,0.4,1.1,1
836,Daniel Ewing,66,14.7,3.8,1.5,3.9,38,0.3,1.2,28.2,0.5,0.7,78.3,0.3,0.9,1.3,1.3,0.6,0.1,0.9,0
837,Gerald Fitch,18,13.3,4.7,1.7,4.9,33.7,0.4,1.4,26.9,0.9,1.3,73.9,0.4,1.3,1.7,1.8,0.4,0.3,0.8,0
838,James Singleton,59,12.8,3.4,1.3,2.6,51,0.2,0.3,50,0.7,0.8,78,1.1,2.3,3.3,0.5,0.3,0.4,0.5,1
839,Josh Powell,37,11.6,3,1,2.2,45.7,0,0,0,1,1.2,80,0.8,1.4,2.2,0.2,0.2,0.1,0.6,1
840,Hakim Warrick,68,10.6,4.1,1.5,3.4,44.3,0,0,0,1.1,1.7,66.1,0.6,1.5,2.1,0.4,0.2,0.3,0.8,1
841,Wayne Simien,43,9.6,3.4,1.3,2.8,48.3,0,0,0,0.7,0.8,88.2,0.9,1.2,2,0.2,0.3,0,0.6,0
842,Antoine Wright,39,9.5,1.8,0.7,2.1,35.8,0,0.4,6.7,0.3,0.6,50,0.2,0.6,0.8,0.3,0.1,0.1,0.5,1
843,Donell Taylor,51,9.1,2.7,1,2.7,39,0.1,0.3,23.5,0.6,0.8,69.8,0.3,0.7,1,0.9,0.6,0.1,0.7,0
844,C.J. Miles,23,8.8,3.4,1.2,3.3,36.8,0.2,0.9,25,0.8,1,75,0.8,0.9,1.7,0.7,0.3,0.1,0.4,1
845,Malcolm Brogdon,32,22.9,8.3,3.2,6.9,46.2,0.9,2.1,44.1,0.9,1.1,85.7,0.4,2.1,2.5,3.6,1,0.1,1.5,0
846,Kevin Burleson,39,8.7,1.8,0.6,2.3,25,0.3,1.4,18.5,0.4,0.4,94.1,0.1,0.6,0.7,1.2,0.7,0.1,0.6,0
847,Shavlik Randolph,57,8.5,2.3,0.8,1.7,45.4,0,0,0,0.8,1.2,60.6,1,1.4,2.3,0.3,0.3,0.2,0.4,1
848,Andrew Bynum,46,7.3,1.6,0.7,1.8,40.2,0,0,0,0.2,0.6,29.6,0.7,1,1.7,0.2,0.1,0.5,0.4,1
849,Lawrence Roberts,33,5.5,1.5,0.6,1.3,45.5,0,0.1,0,0.3,0.7,47.8,0.8,0.7,1.5,0.2,0.2,0.1,0.1,0
850,Emeka Okafor,73,35.6,15.1,6.1,13.7,44.7,0,0,0,2.9,4.7,60.9,3.8,7.1,10.9,0.9,0.8,1.7,1.7,1
851,Andre Iguodala,82,32.8,9,3.3,6.7,49.3,0.6,1.7,33.1,1.9,2.6,74.3,1.1,4.6,5.7,3,1.7,0.6,1.7,1
852,Dwight Howard,82,32.6,12,4.3,8.3,52,0,0,0,3.4,5,67.1,3.5,6.5,10,0.9,0.9,1.7,2,1
853,Josh Childress,80,29.7,10.1,3.8,8,47,0.2,0.7,23.2,2.4,2.9,82.3,2.4,3.6,6,1.9,0.9,0.4,1.3,1
854,Josh Smith,74,27.7,9.7,3.7,8.1,45.5,0.1,0.3,17.4,2.2,3.2,68.8,2,4.2,6.2,1.7,0.8,1.9,1.8,1
855,Chris Duhon,82,26.5,5.9,2.1,6,35.2,1.1,3.2,35.5,0.6,0.8,73.1,0.3,2.3,2.6,4.9,1,0,1.4,1
856,J.R. Smith,76,24.5,10.3,3.9,9.8,39.4,1.1,3.7,28.8,1.5,2.1,68.9,0.5,1.5,2,1.9,0.7,0.1,1.4,1
857,Quinton Ross,78,21.3,5.1,2.1,4.8,43.2,0,0.1,25,0.9,1.4,67.3,0.8,1.9,2.7,1.4,0.7,0.3,0.7,1
858,Jameer Nelson,79,20.4,8.7,3.6,7.9,45.5,0.6,1.8,31.2,0.9,1.4,68.2,0.7,1.8,2.4,3,1,0,1.5,1
